no,Item No.,Des,company no,company,dept no,department,Inventory Uom,cur bal,adj qty,new bal,unit cost,total,wh code,wh
0,MTAUT0001558,aa,1,Western Paper Industries ,4,STORES,NOS,0,1,1,0,0,0,0
0,MTAUT0001558,aa,1,Western Paper Industries ,4,STORES,NOS,0,3,3,0,0,0,0
0,MTAUT0002479,aa,1,Western Paper Industries ,4,STORES,NOS,0,2,2,0,0,0,0
0,MTELC0000111,aa,1,Western Paper Industries ,4,STORES,NOS,0,1,1,0,0,0,0
0,MTELC0000195,aa,1,Western Paper Industries ,4,STORES,NOS,0,4,4,0,0,0,0
0,MTELC0000195,aa,1,Western Paper Industries ,4,STORES,NOS,0,8,8,0,0,0,0
0,MTELC0002018,aa,1,Western Paper Industries ,4,STORES,NOS,0,2,2,0,0,0,0
0,MTELC00022292,aa,1,Western Paper Industries ,4,STORES,NOS,0,1,1,0,0,0,0
0,MTFUL0001207,aa,1,Western Paper Industries ,4,STORES,LITER,0,100,100,0,0,0,0
0,MTGEN0000315,aa,1,Western Paper Industries ,4,STORES,NOS,0,10,10,0,0,0,0
0,MTGEN0000389,aa,1,Western Paper Industries ,4,STORES,NOS,0,4,4,0,0,0,0
0,MTGEN0000391,aa,1,Western Paper Industries ,4,STORES,NOS,0,5,5,0,0,0,0
0,MTGEN0000425,aa,1,Western Paper Industries ,4,STORES,NOS,0,20,20,0,0,0,0
0,MTGEN0000425,aa,1,Western Paper Industries ,4,STORES,NOS,0,6,6,0,0,0,0
0,MTGEN0000441,aa,1,Western Paper Industries ,4,STORES,NOS,0,3,3,0,0,0,0
0,MTGEN0000515,aa,1,Western Paper Industries ,4,STORES,NOS,0,8,8,0,0,0,0
0,MTGEN0000548,aa,1,Western Paper Industries ,4,STORES,NOS,0,5,5,0,0,0,0
0,MTGEN0000548,aa,1,Western Paper Industries ,4,STORES,NOS,0,8,8,0,0,0,0
0,MTGEN0000548,aa,1,Western Paper Industries ,4,STORES,NOS,0,10,10,0,0,0,0
0,MTGEN0000548,aa,1,Western Paper Industries ,4,STORES,NOS,0,10,10,0,0,0,0
0,MTGEN0000576,aa,1,Western Paper Industries ,4,STORES,NOS,0,4,4,0,0,0,0
0,MTGEN0000638,aa,1,Western Paper Industries ,4,STORES,NOS,0,90,90,0,0,0,0
0,MTGEN0000646,aa,1,Western Paper Industries ,4,STORES,NOS,0,1,1,0,0,0,0
0,MTGEN0000673,aa,1,Western Paper Industries ,4,STORES,NOS,0,28,28,0,0,0,0
0,MTGEN0001359,aa,1,Western Paper Industries ,4,STORES,NOS,0,6,6,0,0,0,0
0,MTGEN0001360,aa,1,Western Paper Industries ,4,STORES,NOS,0,3,3,0,0,0,0
0,MTGEN0001362,aa,1,Western Paper Industries ,4,STORES,NOS,0,1,1,0,0,0,0
0,MTGEN0001365,aa,1,Western Paper Industries ,4,STORES,NOS,0,11,11,0,0,0,0
0,MTGEN0001369,aa,1,Western Paper Industries ,4,STORES,NOS,0,2,2,0,0,0,0
0,MTGEN0001383,aa,1,Western Paper Industries ,4,STORES,NOS,0,2,2,0,0,0,0
0,MTGEN0001430,aa,1,Western Paper Industries ,4,STORES,NOS,0,25,25,0,0,0,0
0,MTGEN0001435,aa,1,Western Paper Industries ,4,STORES,NOS,0,1,1,0,0,0,0
0,MTGEN0001586,aa,1,Western Paper Industries ,4,STORES,NOS,0,6,6,0,0,0,0
0,MTGEN0001619,aa,1,Western Paper Industries ,4,STORES,NOS,0,10,10,0,0,0,0
0,MTGEN0001906,aa,1,Western Paper Industries ,4,STORES,NOS,0,3,3,0,0,0,0
0,MTMEC0000788,aa,1,Western Paper Industries ,4,STORES,NOS,0,1,1,0,0,0,0
0,MTMEC0000864,aa,1,Western Paper Industries ,4,STORES,NOS,0,1,1,0,0,0,0
0,MTMEC0000875,aa,1,Western Paper Industries ,4,STORES,NOS,0,1,1,0,0,0,0
0,MTMEC0000973,aa,1,Western Paper Industries ,4,STORES,NOS,0,8,8,0,0,0,0
0,MTMEC0001049,aa,1,Western Paper Industries ,4,STORES,NOS,0,3,3,0,0,0,0
0,MTMEC0001226,aa,1,Western Paper Industries ,4,STORES,NOS,0,1,1,0,0,0,0
0,MTMEC0001238,aa,1,Western Paper Industries ,4,STORES,NOS,0,1,1,0,0,0,0
0,MTMEC0001245,aa,1,Western Paper Industries ,4,STORES,NOS,0,7,7,0,0,0,0
0,MTAUT0001666,aa,1,Western Paper Industries ,4,STORES,NOS,0,1,1,0,0,0,0
0,MTAUT0001860,aa,1,Western Paper Industries ,4,STORES,NOS,0,5,5,0,0,0,0
0,MTAUT0002068,aa,1,Western Paper Industries ,4,STORES,NOS,0,11,11,0,0,0,0
0,MTAUT0002078,aa,1,Western Paper Industries ,4,STORES,NOS,0,5,5,0,0,0,0
0,MTELC0000140,aa,1,Western Paper Industries ,4,STORES,NOS,0,15,15,0,0,0,0
0,MTGEN0000316,aa,1,Western Paper Industries ,4,STORES,NOS,0,25,25,0,0,0,0
0,MTGEN0000544,aa,1,Western Paper Industries ,4,STORES,NOS,0,5,5,0,0,0,0
0,MTGEN0000580,aa,1,Western Paper Industries ,4,STORES,NOS,0,10,10,0,0,0,0
0,MTGEN0000580,aa,1,Western Paper Industries ,4,STORES,NOS,0,11,11,0,0,0,0
0,MTGEN0001356,aa,1,Western Paper Industries ,4,STORES,NOS,0,1,1,0,0,0,0
0,MTGEN0001364,aa,1,Western Paper Industries ,4,STORES,NOS,0,8,8,0,0,0,0
0,MTGEN0001366,aa,1,Western Paper Industries ,4,STORES,NOS,0,6,6,0,0,0,0
0,MTGEN0001387,aa,1,Western Paper Industries ,4,STORES,NOS,0,2,2,0,0,0,0
0,MTGEN0001404,aa,1,Western Paper Industries ,4,STORES,NOS,0,88,88,0,0,0,0
0,MTGEN0001415,aa,1,Western Paper Industries ,4,STORES,NOS,0,21,21,0,0,0,0
0,MTGEN0001584,aa,1,Western Paper Industries ,4,STORES,NOS,0,2,2,0,0,0,0
0,MTGEN0001639,aa,1,Western Paper Industries ,4,STORES,CUBE,0,4.5,4.5,0,0,0,0
0,MTGEN0001639,aa,1,Western Paper Industries ,4,STORES,CUBE,0,1,1,0,0,0,0
0,MTGEN0001885,aa,1,Western Paper Industries ,4,STORES,NOS,0,1,1,0,0,0,0
0,MTGEN0001957,aa,1,Western Paper Industries ,4,STORES,LITER,0,9,9,0,0,0,0
0,MTGEN0002410,aa,1,Western Paper Industries ,4,STORES,NOS,0,9,9,0,0,0,0
0,MTGEN0002555,aa,1,Western Paper Industries ,4,STORES,NOS,0,20,20,0,0,0,0
0,MTGEN0002568,aa,1,Western Paper Industries ,4,STORES,NOS,0,1,1,0,0,0,0
0,MTMEC0000803,aa,1,Western Paper Industries ,4,STORES,NOS,0,4,4,0,0,0,0
0,MTMEC0000803,aa,1,Western Paper Industries ,4,STORES,NOS,0,2,2,0,0,0,0
0,MTMEC0000890,aa,1,Western Paper Industries ,4,STORES,NOS,0,32,32,0,0,0,0
0,MTMEC0000988,aa,1,Western Paper Industries ,4,STORES,NOS,0,8,8,0,0,0,0
0,MTMEC0001294,aa,1,Western Paper Industries ,4,STORES,NOS,0,1,1,0,0,0,0
0,MTPNM0001177,aa,1,Western Paper Industries ,4,STORES,NOS,0,9,9,0,0,0,0
0,MTPNM0001327,aa,1,Western Paper Industries ,4,STORES,NOS,0,27,27,0,0,0,0
0,MTAUT0001862,aa,1,Western Paper Industries ,4,STORES,NOS,0,6,6,0,0,0,0
0,MTAUT0001862,aa,1,Western Paper Industries ,4,STORES,NOS,0,1,1,0,0,0,0
0,MTAUT0001933,aa,1,Western Paper Industries ,4,STORES,NOS,0,1,1,0,0,0,0
0,MTAUT0001935,aa,1,Western Paper Industries ,4,STORES,NOS,0,1,1,0,0,0,0
0,MTAUT0002571,aa,1,Western Paper Industries ,4,STORES,NOS,0,2,2,0,0,0,0
0,MTAUT0002591,aa,1,Western Paper Industries ,4,STORES,NOS,0,1,1,0,0,0,0
0,MTELC0000093,aa,1,Western Paper Industries ,4,STORES,NOS,0,5,5,0,0,0,0
0,MTELC0000154,aa,1,Western Paper Industries ,4,STORES,NOS,0,6,6,0,0,0,0
0,MTELC0001520,aa,1,Western Paper Industries ,4,STORES,NOS,0,1,1,0,0,0,0
0,MTELC0001530,aa,1,Western Paper Industries ,4,STORES,nos,0,1,1,0,0,0,0
0,MTELC0001673,aa,1,Western Paper Industries ,4,STORES,NOS,0,2,2,0,0,0,0
0,MTFUL0002377,aa,1,Western Paper Industries ,4,STORES,LITER,0,20,20,0,0,0,0
0,MTGEN0000306,aa,1,Western Paper Industries ,4,STORES,NOS,0,4,4,0,0,0,0
0,MTGEN0000323,aa,1,Western Paper Industries ,4,STORES,NOS,0,43,43,0,0,0,0
0,MTGEN0000329,aa,1,Western Paper Industries ,4,STORES,NOS,0,39,39,0,0,0,0
0,MTGEN0000512,aa,1,Western Paper Industries ,4,STORES,NOS,0,1,1,0,0,0,0
0,MTGEN0000512,aa,1,Western Paper Industries ,4,STORES,NOS,0,3,3,0,0,0,0
0,MTGEN0000519,aa,1,Western Paper Industries ,4,STORES,NOS,0,5,5,0,0,0,0
0,MTGEN0000521,aa,1,Western Paper Industries ,4,STORES,NOS,0,5,5,0,0,0,0
0,MTGEN0000567,aa,1,Western Paper Industries ,4,STORES,NOS,0,5,5,0,0,0,0
0,MTGEN0000640,aa,1,Western Paper Industries ,4,STORES,NOS,0,38,38,0,0,0,0
0,MTGEN0000644,aa,1,Western Paper Industries ,4,STORES,NOS,0,46,46,0,0,0,0
0,MTGEN0000644,aa,1,Western Paper Industries ,4,STORES,NOS,0,68,68,0,0,0,0
0,MTGEN0001384,aa,1,Western Paper Industries ,4,STORES,NOS,0,1,1,0,0,0,0
0,MTGEN0001386,aa,1,Western Paper Industries ,4,STORES,NOS,0,4,4,0,0,0,0
0,MTGEN0001414,aa,1,Western Paper Industries ,4,STORES,NOS,0,2,2,0,0,0,0
0,MTGEN0001429,aa,1,Western Paper Industries ,4,STORES,NOS,0,3,3,0,0,0,0
0,MTGEN0001588,aa,1,Western Paper Industries ,4,STORES,NOS,0,1,1,0,0,0,0
0,MTGEN0001588,aa,1,Western Paper Industries ,4,STORES,NOS,0,1,1,0,0,0,0
0,MTGEN0001638,aa,1,Western Paper Industries ,4,STORES,NOS,0,15,15,0,0,0,0
0,MTGEN0001638,aa,1,Western Paper Industries ,4,STORES,NOS,0,84,84,0,0,0,0
0,MTGEN0002420,aa,1,Western Paper Industries ,4,STORES,METRE,0,6,6,0,0,0,0
0,MTGEN0002554,aa,1,Western Paper Industries ,4,STORES,NOS,0,13,13,0,0,0,0
0,MTGEN0002580,aa,1,Western Paper Industries ,4,STORES,NOS,0,217,217,0,0,0,0
0,MTMEC0000785,aa,1,Western Paper Industries ,4,STORES,NOS,0,3,3,0,0,0,0
0,MTMEC0000797,aa,1,Western Paper Industries ,4,STORES,NOS,0,2,2,0,0,0,0
0,MTMEC0000851,aa,1,Western Paper Industries ,4,STORES,NOS,0,5,5,0,0,0,0
0,MTMEC0000981,aa,1,Western Paper Industries ,4,STORES,NOS,0,7,7,0,0,0,0
0,MTMEC0001224,aa,1,Western Paper Industries ,4,STORES,NOS,0,3,3,0,0,0,0
0,MTMEC0001253,aa,1,Western Paper Industries ,4,STORES,NOS,0,2,2,0,0,0,0
0,MTMEC0001256,aa,1,Western Paper Industries ,4,STORES,NOS,0,10,10,0,0,0,0
0,MTMEC0001262,aa,1,Western Paper Industries ,4,STORES,NOS,0,5,5,0,0,0,0
0,MTAUT0001596,aa,1,Western Paper Industries ,4,STORES,NOS,0,1,1,0,0,0,0
0,MTAUT0001682,aa,1,Western Paper Industries ,4,STORES,NOS,0,1,1,0,0,0,0
0,MTAUT0001861,aa,1,Western Paper Industries ,4,STORES,NOS,0,6,6,0,0,0,0
0,MTAUT0002589,aa,1,Western Paper Industries ,4,STORES,NOS,0,2,2,0,0,0,0
0,MTELC0000023,aa,1,Western Paper Industries ,4,STORES,NOS,0,14,14,0,0,0,0
0,MTELC0000189,aa,1,Western Paper Industries ,4,STORES,NOS,0,56,56,0,0,0,0
0,MTELC0001529,aa,1,Western Paper Industries ,4,STORES,nos,0,1,1,0,0,0,0
0,MTELC0002012,aa,1,Western Paper Industries ,4,STORES,NOS,0,1,1,0,0,0,0
0,MTELC0002355,aa,1,Western Paper Industries ,4,STORES,NOS,0,2,2,0,0,0,0
0,MTGEN0000264,aa,1,Western Paper Industries ,4,STORES,NOS,0,10,10,0,0,0,0
0,MTGEN0000311,aa,1,Western Paper Industries ,4,STORES,PCKT,0,4,4,0,0,0,0
0,MTGEN0000311,aa,1,Western Paper Industries ,4,STORES,PCKT,0,30,30,0,0,0,0
0,MTGEN0000415,aa,1,Western Paper Industries ,4,STORES,NOS,0,5,5,0,0,0,0
0,MTGEN0000431,aa,1,Western Paper Industries ,4,STORES,NOS,0,38,38,0,0,0,0
0,MTGEN0000431,aa,1,Western Paper Industries ,4,STORES,NOS,0,56,56,0,0,0,0
0,MTGEN0000459,aa,1,Western Paper Industries ,4,STORES,NOS,0,9,9,0,0,0,0
0,MTGEN0000460,aa,1,Western Paper Industries ,4,STORES,NOS,0,12,12,0,0,0,0
0,MTGEN0000524,aa,1,Western Paper Industries ,4,STORES,NOS,0,900,900,0,0,0,0
0,MTGEN0000541,aa,1,Western Paper Industries ,4,STORES,NOS,0,10,10,0,0,0,0
0,MTGEN0000607,aa,1,Western Paper Industries ,4,STORES,NOS,0,12,12,0,0,0,0
0,MTGEN0001361,aa,1,Western Paper Industries ,4,STORES,NOS,0,1,1,0,0,0,0
0,MTGEN0001394,aa,1,Western Paper Industries ,4,STORES,NOS,0,2,2,0,0,0,0
0,MTGEN0001409,aa,1,Western Paper Industries ,4,STORES,NOS,0,5,5,0,0,0,0
0,MTGEN0001418,aa,1,Western Paper Industries ,4,STORES,NOS,0,1,1,0,0,0,0
0,MTGEN0001418,aa,1,Western Paper Industries ,4,STORES,NOS,0,8,8,0,0,0,0
0,MTGEN0001443,aa,1,Western Paper Industries ,4,STORES,LETTER,0,2,2,0,0,0,0
0,MTGEN0001590,aa,1,Western Paper Industries ,4,STORES,NOS,0,13,13,0,0,0,0
0,MTGEN0001891,aa,1,Western Paper Industries ,4,STORES,NOS,0,1,1,0,0,0,0
0,MTGEN0002252,aa,1,Western Paper Industries ,4,STORES,NOS,0,1,1,0,0,0,0
0,MTGEN0002273,aa,1,Western Paper Industries ,4,STORES,NOS,0,9,9,0,0,0,0
0,MTMEC0000789,aa,1,Western Paper Industries ,4,STORES,NOS,0,1,1,0,0,0,0
0,MTMEC0000804,aa,1,Western Paper Industries ,4,STORES,NOS,0,3,3,0,0,0,0
0,MTMEC0000855,aa,1,Western Paper Industries ,4,STORES,NOS,0,9,9,0,0,0,0
0,MTMEC0000944,aa,1,Western Paper Industries ,4,STORES,NOS,0,3,3,0,0,0,0
0,MTMEC0000972,aa,1,Western Paper Industries ,4,STORES,NOS,0,4,4,0,0,0,0
0,MTMEC0000974,aa,1,Western Paper Industries ,4,STORES,NOS,0,7,7,0,0,0,0
0,MTMEC0001223,aa,1,Western Paper Industries ,4,STORES,NOS,0,4,4,0,0,0,0
0,MTMEC0001259,aa,1,Western Paper Industries ,4,STORES,NOS,0,1,1,0,0,0,0
0,MTMEC0001266,aa,1,Western Paper Industries ,4,STORES,NOS,0,9,9,0,0,0,0
0,MTMEC0001274,aa,1,Western Paper Industries ,4,STORES,NOS,0,4,4,0,0,0,0
0,MTMEC0001985,aa,1,Western Paper Industries ,4,STORES,NOS,0,1,1,0,0,0,0
0,MTMEC0002089,aa,1,Western Paper Industries ,4,STORES,NOS,0,1,1,0,0,0,0
0,MTAUT0001687,aa,1,Western Paper Industries ,4,STORES,NOS,0,1,1,0,0,0,0
0,MTAUT0001865,aa,1,Western Paper Industries ,4,STORES,NOS,0,1,1,0,0,0,0
0,MTAUT0002077,aa,1,Western Paper Industries ,4,STORES,NOS,0,3,3,0,0,0,0
0,MTAUT0002564,aa,1,Western Paper Industries ,4,STORES,NOS,0,2,2,0,0,0,0
0,MTELC0000059,aa,1,Western Paper Industries ,4,STORES,NOS,0,3,3,0,0,0,0
0,MTELC0000094,aa,1,Western Paper Industries ,4,STORES,NOS,0,3,3,0,0,0,0
0,MTELC0000097,aa,1,Western Paper Industries ,4,STORES,NOS,0,5,5,0,0,0,0
0,MTELC0002432,aa,1,Western Paper Industries ,4,STORES,NOS,0,7,7,0,0,0,0
0,MTFUL0001211,aa,1,Western Paper Industries ,4,STORES,LITER,0,590.82,590.82,0,0,0,0
0,MTFUL0002121,aa,1,Western Paper Industries ,4,STORES,CAN,0,20,20,0,0,0,0
0,MTGEN0000251,aa,1,Western Paper Industries ,4,STORES,NOS,0,24,24,0,0,0,0
0,MTGEN0000260,aa,1,Western Paper Industries ,4,STORES,NOS,0,5,5,0,0,0,0
0,MTGEN0000271,aa,1,Western Paper Industries ,4,STORES,NOS,0,2,2,0,0,0,0
0,MTGEN0000342,aa,1,Western Paper Industries ,4,STORES,NOS,0,13,13,0,0,0,0
0,MTGEN0000398,aa,1,Western Paper Industries ,4,STORES,NOS,0,1,1,0,0,0,0
0,MTGEN0000429,aa,1,Western Paper Industries ,4,STORES,NOS,0,16,16,0,0,0,0
0,MTGEN0000496,aa,1,Western Paper Industries ,4,STORES,NOS,0,1,1,0,0,0,0
0,MTGEN0000509,aa,1,Western Paper Industries ,4,STORES,NOS,0,16,16,0,0,0,0
0,MTGEN0000511,aa,1,Western Paper Industries ,4,STORES,NOS,0,3,3,0,0,0,0
0,MTGEN0000530,aa,1,Western Paper Industries ,4,STORES,NOS,0,10,10,0,0,0,0
0,MTGEN0000530,aa,1,Western Paper Industries ,4,STORES,NOS,0,125,125,0,0,0,0
0,MTGEN0000552,aa,1,Western Paper Industries ,4,STORES,NOS,0,10,10,0,0,0,0
0,MTGEN0000572,aa,1,Western Paper Industries ,4,STORES,NOS,0,13,13,0,0,0,0
0,MTGEN0000578,aa,1,Western Paper Industries ,4,STORES,NOS,0,11,11,0,0,0,0
0,MTGEN0000579,aa,1,Western Paper Industries ,4,STORES,NOS,0,5,5,0,0,0,0
0,MTGEN0001375,aa,1,Western Paper Industries ,4,STORES,NOS,0,2,2,0,0,0,0
0,MTGEN0001408,aa,1,Western Paper Industries ,4,STORES,LETTER,0,4,4,0,0,0,0
0,MTGEN0001420,aa,1,Western Paper Industries ,4,STORES,NOS,0,39,39,0,0,0,0
0,MTGEN0001423,aa,1,Western Paper Industries ,4,STORES,NOS,0,5,5,0,0,0,0
0,MTGEN0001589,aa,1,Western Paper Industries ,4,STORES,METRE,0,10,10,0,0,0,0
0,MTGEN0001623,aa,1,Western Paper Industries ,4,STORES,NOS,0,885,885,0,0,0,0
0,MTGEN0001804,aa,1,Western Paper Industries ,4,STORES,NOS,0,12,12,0,0,0,0
0,MTGEN0001880,aa,1,Western Paper Industries ,4,STORES,NOS,0,5,5,0,0,0,0
0,MTGEN0001892,aa,1,Western Paper Industries ,4,STORES,NOS,0,3,3,0,0,0,0
0,MTGEN0001905,aa,1,Western Paper Industries ,4,STORES,NOS,0,10,10,0,0,0,0
0,MTGEN0001992,aa,1,Western Paper Industries ,4,STORES,CUBE,0,3,3,0,0,0,0
0,MTGEN0002581,aa,1,Western Paper Industries ,4,STORES,KG,0,450,450,0,0,0,0
0,MTMEC0000767,aa,1,Western Paper Industries ,4,STORES,NOS,0,2,2,0,0,0,0
0,MTMEC0000824,aa,1,Western Paper Industries ,4,STORES,NOS,0,8,8,0,0,0,0
0,MTMEC0000937,aa,1,Western Paper Industries ,4,STORES,NOS,0,1,1,0,0,0,0
0,MTMEC0001284,aa,1,Western Paper Industries ,4,STORES,NOS,0,2,2,0,0,0,0
0,MTMEC0001288,aa,1,Western Paper Industries ,4,STORES,NOS,0,3,3,0,0,0,0
0,MTAUT0001952,aa,1,Western Paper Industries ,4,STORES,NOS,0,1,1,0,0,0,0
0,MTAUT0002073,aa,1,Western Paper Industries ,4,STORES,NOS,0,11,11,0,0,0,0
0,MTAUT0002483,aa,1,Western Paper Industries ,4,STORES,NOS,0,4,4,0,0,0,0
0,MTAUT0002485,aa,1,Western Paper Industries ,4,STORES,NOS,0,1,1,0,0,0,0
0,MTELC0000196,aa,1,Western Paper Industries ,4,STORES,NOS,0,1,1,0,0,0,0
0,MTELC0000196,aa,1,Western Paper Industries ,4,STORES,NOS,0,7,7,0,0,0,0
0,MTELC0001501,aa,1,Western Paper Industries ,4,STORES,NOS,0,6,6,0,0,0,0
0,MTELC0002016,aa,1,Western Paper Industries ,4,STORES,NOS,0,1,1,0,0,0,0
0,MTFUL0001208,aa,1,Western Paper Industries ,4,STORES,LITER,0,30,30,0,0,0,0
0,MTGEN0000266,aa,1,Western Paper Industries ,4,STORES,NOS,0,4,4,0,0,0,0
0,MTGEN0000305,aa,1,Western Paper Industries ,4,STORES,NOS,0,63,63,0,0,0,0
0,MTGEN0000308,aa,1,Western Paper Industries ,4,STORES,NOS,0,20,20,0,0,0,0
0,MTGEN0000375,aa,1,Western Paper Industries ,4,STORES,NOS,0,60,60,0,0,0,0
0,MTGEN0000449,aa,1,Western Paper Industries ,4,STORES,NOS,0,19,19,0,0,0,0
0,MTGEN0000514,aa,1,Western Paper Industries ,4,STORES,NOS,0,11,11,0,0,0,0
0,MTGEN0000584,aa,1,Western Paper Industries ,4,STORES,NOS,0,14,14,0,0,0,0
0,MTGEN0001377,aa,1,Western Paper Industries ,4,STORES,NOS,0,3,3,0,0,0,0
0,MTGEN0001385,aa,1,Western Paper Industries ,4,STORES,NOS,0,1,1,0,0,0,0
0,MTGEN0001400,aa,1,Western Paper Industries ,4,STORES,NOS,0,14,14,0,0,0,0
0,MTGEN0001403,aa,1,Western Paper Industries ,4,STORES,LETTER,0,1,1,0,0,0,0
0,MTGEN0001431,aa,1,Western Paper Industries ,4,STORES,NOS,0,11,11,0,0,0,0
0,MTGEN0001549,aa,1,Western Paper Industries ,4,STORES,NOS,0,1,1,0,0,0,0
0,MTGEN0001630,aa,1,Western Paper Industries ,4,STORES,NOS,0,7,7,0,0,0,0
0,MTGEN0001879,aa,1,Western Paper Industries ,4,STORES,NOS,0,9,9,0,0,0,0
0,MTGEN0001900,aa,1,Western Paper Industries ,4,STORES,NOS,0,56,56,0,0,0,0
0,MTGEN0001955,aa,1,Western Paper Industries ,4,STORES,NOS,0,33,33,0,0,0,0
0,MTGEN0001956,aa,1,Western Paper Industries ,4,STORES,NOS,0,2,2,0,0,0,0
0,MTGEN0002223,aa,1,Western Paper Industries ,4,STORES,NOS,0,510,510,0,0,0,0
0,MTGEN0002245,aa,1,Western Paper Industries ,4,STORES,NOS,0,2,2,0,0,0,0
0,MTGEN0002367,aa,1,Western Paper Industries ,4,STORES,NOS,0,26,26,0,0,0,0
0,MTGEN0002452,aa,1,Western Paper Industries ,4,STORES,NOS,0,2,2,0,0,0,0
0,MTMEC0001011,aa,1,Western Paper Industries ,4,STORES,NOS,0,2,2,0,0,0,0
0,MTMEC0001018,aa,1,Western Paper Industries ,4,STORES,NOS,0,23,23,0,0,0,0
0,MTMEC0001236,aa,1,Western Paper Industries ,4,STORES,NOS,0,42,42,0,0,0,0
0,MTMEC0001240,aa,1,Western Paper Industries ,4,STORES,NOS,0,1,1,0,0,0,0
0,MTMEC0001285,aa,1,Western Paper Industries ,4,STORES,NOS,0,2,2,0,0,0,0
0,MTMEC0001636,aa,1,Western Paper Industries ,4,STORES,NOS,0,4,4,0,0,0,0
0,MTPNM0001199,aa,1,Western Paper Industries ,4,STORES,NOS,0,7,7,0,0,0,0
0,MTPNM0001318,aa,1,Western Paper Industries ,4,STORES,NOS,0,12,12,0,0,0,0
0,MTPNM0001324,aa,1,Western Paper Industries ,4,STORES,NOS,0,37,37,0,0,0,0
0,MTPNM0001582,aa,1,Western Paper Industries ,4,STORES,NOS,0,6,6,0,0,0,0
0,MTAUT0001625,aa,1,Western Paper Industries ,4,STORES,NOS,0,1,1,0,0,0,0
0,MTAUT0002116,aa,1,Western Paper Industries ,4,STORES,NOS,0,6,6,0,0,0,0
0,MTAUT0002192,aa,1,Western Paper Industries ,4,STORES,NOS,0,3,3,0,0,0,0
0,MTAUT0002480,aa,1,Western Paper Industries ,4,STORES,NOS,0,2,2,0,0,0,0
0,MTAUT0002489,aa,1,Western Paper Industries ,4,STORES,MM,0,1150,1150,0,0,0,0
0,MTELC0000022,aa,1,Western Paper Industries ,4,STORES,NOS,0,10,10,0,0,0,0
0,MTELC0001506,aa,1,Western Paper Industries ,4,STORES,nos,0,5,5,0,0,0,0
0,MTELC0002002,aa,1,Western Paper Industries ,4,STORES,NOS,0,1,1,0,0,0,0
0,MTELC0002009,aa,1,Western Paper Industries ,4,STORES,NOS,0,1,1,0,0,0,0
0,MTELC0002270,aa,1,Western Paper Industries ,4,STORES,NOS,0,5,5,0,0,0,0
0,MTFUL0001556,aa,1,Western Paper Industries ,4,STORES,NOS,0,20,20,0,0,0,0
0,MTGEN0000288,aa,1,Western Paper Industries ,4,STORES,NOS,0,20,20,0,0,0,0
0,MTGEN0000334,aa,1,Western Paper Industries ,4,STORES,NOS,0,6,6,0,0,0,0
0,MTGEN0000340,aa,1,Western Paper Industries ,4,STORES,NOS,0,13,13,0,0,0,0
0,MTGEN0000426,aa,1,Western Paper Industries ,4,STORES,NOS,0,29,29,0,0,0,0
0,MTGEN0000427,aa,1,Western Paper Industries ,4,STORES,NOS,0,15,15,0,0,0,0
0,MTGEN0000497,aa,1,Western Paper Industries ,4,STORES,NOS,0,190,190,0,0,0,0
0,MTGEN0000516,aa,1,Western Paper Industries ,4,STORES,NOS,0,5,5,0,0,0,0
0,MTGEN0000516,aa,1,Western Paper Industries ,4,STORES,NOS,0,7,7,0,0,0,0
0,MTGEN0000543,aa,1,Western Paper Industries ,4,STORES,NOS,0,10,10,0,0,0,0
0,MTGEN0000543,aa,1,Western Paper Industries ,4,STORES,NOS,0,9,9,0,0,0,0
0,MTGEN0000581,aa,1,Western Paper Industries ,4,STORES,NOS,0,6,6,0,0,0,0
0,MTGEN0000581,aa,1,Western Paper Industries ,4,STORES,NOS,0,28,28,0,0,0,0
0,MTGEN0000586,aa,1,Western Paper Industries ,4,STORES,NOS,0,6,6,0,0,0,0
0,MTGEN0000586,aa,1,Western Paper Industries ,4,STORES,NOS,0,3,3,0,0,0,0
0,MTGEN0000617,aa,1,Western Paper Industries ,4,STORES,PKT,0,179,179,0,0,0,0
0,MTGEN0000656,aa,1,Western Paper Industries ,4,STORES,NOS,0,2,2,0,0,0,0
0,MTGEN0000665,aa,1,Western Paper Industries ,4,STORES,NOS,0,200,200,0,0,0,0
0,MTGEN0000669,aa,1,Western Paper Industries ,4,STORES,NOS,0,37,37,0,0,0,0
0,MTGEN0001372,aa,1,Western Paper Industries ,4,STORES,NOS,0,2,2,0,0,0,0
0,MTGEN0001378,aa,1,Western Paper Industries ,4,STORES,NOS,0,3,3,0,0,0,0
0,MTGEN0001379,aa,1,Western Paper Industries ,4,STORES,NOS,0,2,2,0,0,0,0
0,MTGEN0001416,aa,1,Western Paper Industries ,4,STORES,NOS,0,12,12,0,0,0,0
0,MTGEN0001439,aa,1,Western Paper Industries ,4,STORES,NOS,0,10,10,0,0,0,0
0,MTGEN0001451,aa,1,Western Paper Industries ,4,STORES,NOS,0,49,49,0,0,0,0
0,MTGEN0001641,aa,1,Western Paper Industries ,4,STORES,NOS,0,1,1,0,0,0,0
0,MTGEN0002451,aa,1,Western Paper Industries ,4,STORES,NOS,0,1,1,0,0,0,0
0,MTMEC0000806,aa,1,Western Paper Industries ,4,STORES,NOS,0,3,3,0,0,0,0
0,MTMEC0000887,aa,1,Western Paper Industries ,4,STORES,NOS,0,30,30,0,0,0,0
0,MTMEC0000894,aa,1,Western Paper Industries ,4,STORES,NOS,0,4,4,0,0,0,0
0,MTMEC0001041,aa,1,Western Paper Industries ,4,STORES,NOS,0,2928,2928,0,0,0,0
0,MTAUT0001583,aa,1,Western Paper Industries ,4,STORES,NOS,0,1,1,0,0,0,0
0,MTAUT0001615,aa,1,Western Paper Industries ,4,STORES,NOS,0,2,2,0,0,0,0
0,MTAUT0001615,aa,1,Western Paper Industries ,4,STORES,NOS,0,2,2,0,0,0,0
0,MTAUT0001642,aa,1,Western Paper Industries ,4,STORES,NOS,0,2,2,0,0,0,0
0,MTAUT0002112,aa,1,Western Paper Industries ,4,STORES,NOS,0,4,4,0,0,0,0
0,MTAUT0002577,aa,1,Western Paper Industries ,4,STORES,NOS,0,1,1,0,0,0,0
0,MTELC0000157,aa,1,Western Paper Industries ,4,STORES,NOS,0,4,4,0,0,0,0
0,MTELC0000190,aa,1,Western Paper Industries ,4,STORES,NOS,0,29,29,0,0,0,0
0,MTELC0000190,aa,1,Western Paper Industries ,4,STORES,NOS,0,19,19,0,0,0,0
0,MTELC0001466,aa,1,Western Paper Industries ,4,STORES,NOS,0,14,14,0,0,0,0
0,MTELC0001654,aa,1,Western Paper Industries ,4,STORES,NOS,0,8,8,0,0,0,0
0,MTELC0001655,aa,1,Western Paper Industries ,4,STORES,NOS,0,6,6,0,0,0,0
0,MTELC0001909,aa,1,Western Paper Industries ,4,STORES,NOS,0,1,1,0,0,0,0
0,MTELC0002007,aa,1,Western Paper Industries ,4,STORES,NOS,0,1,1,0,0,0,0
0,MTELC0002276,aa,1,Western Paper Industries ,4,STORES,NOS,0,1,1,0,0,0,0
0,MTFUL0001209,aa,1,Western Paper Industries ,4,STORES,LITER,0,25,25,0,0,0,0
0,MTFUL0001209,aa,1,Western Paper Industries ,4,STORES,LITER,0,20,20,0,0,0,0
0,MTGEN0000255,aa,1,Western Paper Industries ,4,STORES,NOS,0,30,30,0,0,0,0
0,MTGEN0000319,aa,1,Western Paper Industries ,4,STORES,NOS,0,41,41,0,0,0,0
0,MTGEN0000493,aa,1,Western Paper Industries ,4,STORES,LITER,0,4,4,0,0,0,0
0,MTGEN0000508,aa,1,Western Paper Industries ,4,STORES,NOS,0,14,14,0,0,0,0
0,MTGEN0000527,aa,1,Western Paper Industries ,4,STORES,NOS,0,3,3,0,0,0,0
0,MTGEN0000542,aa,1,Western Paper Industries ,4,STORES,NOS,0,8,8,0,0,0,0
0,MTGEN0000611,aa,1,Western Paper Industries ,4,STORES,NOS,0,55,55,0,0,0,0
0,MTGEN0001371,aa,1,Western Paper Industries ,4,STORES,NOS,0,16,16,0,0,0,0
0,MTGEN0001412,aa,1,Western Paper Industries ,4,STORES,NOS,0,3,3,0,0,0,0
0,MTGEN0001433,aa,1,Western Paper Industries ,4,STORES,NOS,0,3,3,0,0,0,0
0,MTGEN0001593,aa,1,Western Paper Industries ,4,STORES,ROLL,0,20,20,0,0,0,0
0,MTGEN0001669,aa,1,Western Paper Industries ,4,STORES,NOS,0,15,15,0,0,0,0
0,MTGEN0001849,aa,1,Western Paper Industries ,4,STORES,SQ FEET,0,9,9,0,0,0,0
0,MTGEN0001886,aa,1,Western Paper Industries ,4,STORES,NOS,0,3,3,0,0,0,0
0,MTGEN0001897,aa,1,Western Paper Industries ,4,STORES,NOS,0,3,3,0,0,0,0
0,MTGEN0001930,aa,1,Western Paper Industries ,4,STORES,NOS,0,14,14,0,0,0,0
0,MTGEN0002221,aa,1,Western Paper Industries ,4,STORES,NOS,0,12,12,0,0,0,0
0,MTGEN0002237,aa,1,Western Paper Industries ,4,STORES,NOS,0,3,3,0,0,0,0
0,MTMEC0000925,aa,1,Western Paper Industries ,4,STORES,NOS,0,2,2,0,0,0,0
0,MTMEC0000938,aa,1,Western Paper Industries ,4,STORES,NOS,0,3,3,0,0,0,0
0,MTMEC0001234,aa,1,Western Paper Industries ,4,STORES,NOS,0,17,17,0,0,0,0
0,MTMEC0001614,aa,1,Western Paper Industries ,4,STORES,FEET,0,10,10,0,0,0,0
0,MTMEC0001797,aa,1,Western Paper Industries ,4,STORES,NOS,0,1,1,0,0,0,0
0,MTPNM0001171,aa,1,Western Paper Industries ,4,STORES,NOS,0,16,16,0,0,0,0
0,MTAUT0001616,aa,1,Western Paper Industries ,4,STORES,NOS,0,1,1,0,0,0,0
0,MTAUT0001688,aa,1,Western Paper Industries ,4,STORES,NOS,0,1,1,0,0,0,0
0,MTAUT0001872,aa,1,Western Paper Industries ,4,STORES,NOS,0,6,6,0,0,0,0
0,MTAUT0001928,aa,1,Western Paper Industries ,4,STORES,NOS,0,1,1,0,0,0,0
0,MTAUT0001941,aa,1,Western Paper Industries ,4,STORES,NOS,0,1,1,0,0,0,0
0,MTAUT0002436,aa,1,Western Paper Industries ,4,STORES,NOS,0,1,1,0,0,0,0
0,MTAUT0002566,aa,1,Western Paper Industries ,4,STORES,NOS,0,2,2,0,0,0,0
0,MTELC0000112,aa,1,Western Paper Industries ,4,STORES,NOS,0,1,1,0,0,0,0
0,MTELC0000164,aa,1,Western Paper Industries ,4,STORES,NOS,0,1,1,0,0,0,0
0,MTELC0000197,aa,1,Western Paper Industries ,4,STORES,NOS,0,19,19,0,0,0,0
0,MTELC0001528,aa,1,Western Paper Industries ,4,STORES,nos,0,1,1,0,0,0,0
0,MTELC0001609,aa,1,Western Paper Industries ,4,STORES,NOS,0,1,1,0,0,0,0
0,MTELC0002014,aa,1,Western Paper Industries ,4,STORES,NOS,0,1,1,0,0,0,0
0,MTGEN0000253,aa,1,Western Paper Industries ,4,STORES,NOS,0,43,43,0,0,0,0
0,MTGEN0000314,aa,1,Western Paper Industries ,4,STORES,NOS,0,46,46,0,0,0,0
0,MTGEN0000320,aa,1,Western Paper Industries ,4,STORES,NOS,0,26,26,0,0,0,0
0,MTGEN0000384,aa,1,Western Paper Industries ,4,STORES,NOS,0,2,2,0,0,0,0
0,MTGEN0000504,aa,1,Western Paper Industries ,4,STORES,NOS,0,84,84,0,0,0,0
0,MTGEN0000504,aa,1,Western Paper Industries ,4,STORES,NOS,0,5,5,0,0,0,0
0,MTGEN0000504,aa,1,Western Paper Industries ,4,STORES,NOS,0,7,7,0,0,0,0
0,MTGEN0000504,aa,1,Western Paper Industries ,4,STORES,NOS,0,16,16,0,0,0,0
0,MTGEN0000523,aa,1,Western Paper Industries ,4,STORES,NOS,0,3,3,0,0,0,0
0,MTGEN0000561,aa,1,Western Paper Industries ,4,STORES,NOS,0,5,5,0,0,0,0
0,MTGEN0001399,aa,1,Western Paper Industries ,4,STORES,LETTER,0,10,10,0,0,0,0
0,MTGEN0001401,aa,1,Western Paper Industries ,4,STORES,NOS,0,2,2,0,0,0,0
0,MTGEN0001401,aa,1,Western Paper Industries ,4,STORES,NOS,0,5,5,0,0,0,0
0,MTGEN0001457,aa,1,Western Paper Industries ,4,STORES,NOS,0,400,400,0,0,0,0
0,MTGEN0001459,aa,1,Western Paper Industries ,4,STORES,KG,0,5,5,0,0,0,0
0,MTGEN0001460,aa,1,Western Paper Industries ,4,STORES,NOS,0,1,1,0,0,0,0
0,MTGEN0001903,aa,1,Western Paper Industries ,4,STORES,NOS,0,3,3,0,0,0,0
0,MTGEN0002040,aa,1,Western Paper Industries ,4,STORES,NOS,0,1,1,0,0,0,0
0,MTGEN0002063,aa,1,Western Paper Industries ,4,STORES,NOS,0,1,1,0,0,0,0
0,MTGEN0002231,aa,1,Western Paper Industries ,4,STORES,NOS,0,200,200,0,0,0,0
0,MTGEN0002596,aa,1,Western Paper Industries ,4,STORES,NOS,0,5,5,0,0,0,0
0,MTGEN0002648,aa,1,Western Paper Industries ,4,STORES,NOS,0,29,29,0,0,0,0
0,MTMEC0000853,aa,1,Western Paper Industries ,4,STORES,NOS,0,4,4,0,0,0,0
0,MTMEC0000979,aa,1,Western Paper Industries ,4,STORES,NOS,0,1,1,0,0,0,0
0,MTMEC0001017,aa,1,Western Paper Industries ,4,STORES,NOS,0,25,25,0,0,0,0
0,MTMEC0001254,aa,1,Western Paper Industries ,4,STORES,NOS,0,1,1,0,0,0,0
0,MTMEC0001280,aa,1,Western Paper Industries ,4,STORES,NOS,0,3,3,0,0,0,0
0,MTMEC0001292,aa,1,Western Paper Industries ,4,STORES,NOS,0,1,1,0,0,0,0
0,MTAUT0001855,aa,1,Western Paper Industries ,4,STORES,NOS,0,4,4,0,0,0,0
0,MTAUT0001864,aa,1,Western Paper Industries ,4,STORES,NOS,0,2,2,0,0,0,0
0,MTAUT0001864,aa,1,Western Paper Industries ,4,STORES,NOS,0,2,2,0,0,0,0
0,MTAUT0002075,aa,1,Western Paper Industries ,4,STORES,liter,0,20,20,0,0,0,0
0,MTELC0000018,aa,1,Western Paper Industries ,4,STORES,NOS,0,2,2,0,0,0,0
0,MTELC0000069,aa,1,Western Paper Industries ,4,STORES,NOS,0,3,3,0,0,0,0
0,MTELC0000137,aa,1,Western Paper Industries ,4,STORES,NOS,0,16,16,0,0,0,0
0,MTELC0000137,aa,1,Western Paper Industries ,4,STORES,NOS,0,10,10,0,0,0,0
0,MTELC0002100,aa,1,Western Paper Industries ,4,STORES,NOS,0,1,1,0,0,0,0
0,MTGEN0000368,aa,1,Western Paper Industries ,4,STORES,NOS,0,343,343,0,0,0,0
0,MTGEN0000522,aa,1,Western Paper Industries ,4,STORES,NOS,0,5,5,0,0,0,0
0,MTGEN0000553,aa,1,Western Paper Industries ,4,STORES,NOS,0,3,3,0,0,0,0
0,MTGEN0000570,aa,1,Western Paper Industries ,4,STORES,NOS,0,2,2,0,0,0,0
0,MTGEN0001354,aa,1,Western Paper Industries ,4,STORES,NOS,0,4.7,4.7,0,0,0,0
0,MTGEN0001390,aa,1,Western Paper Industries ,4,STORES,NOS,0,11,11,0,0,0,0
0,MTGEN0001442,aa,1,Western Paper Industries ,4,STORES,LETTER,0,3,3,0,0,0,0
0,MTGEN0001453,aa,1,Western Paper Industries ,4,STORES,NOS,0,370,370,0,0,0,0
0,MTGEN0001455,aa,1,Western Paper Industries ,4,STORES,NOS,0,48,48,0,0,0,0
0,MTGEN0001876,aa,1,Western Paper Industries ,4,STORES,NOS,0,41,41,0,0,0,0
0,MTGEN0001950,aa,1,Western Paper Industries ,4,STORES,LITER,0,4,4,0,0,0,0
0,MTGEN0002450,aa,1,Western Paper Industries ,4,STORES,NOS,0,1,1,0,0,0,0
0,MTMEC0000802,aa,1,Western Paper Industries ,4,STORES,NOS,0,2,2,0,0,0,0
0,MTMEC0000812,aa,1,Western Paper Industries ,4,STORES,NOS,0,1,1,0,0,0,0
0,MTMEC0000835,aa,1,Western Paper Industries ,4,STORES,NOS,0,4,4,0,0,0,0
0,MTMEC0000941,aa,1,Western Paper Industries ,4,STORES,FEET,0,1,1,0,0,0,0
0,MTMEC0000971,aa,1,Western Paper Industries ,4,STORES,NOS,0,8,8,0,0,0,0
0,MTMEC0001009,aa,1,Western Paper Industries ,4,STORES,NOS,0,2,2,0,0,0,0
0,MTMEC0001239,aa,1,Western Paper Industries ,4,STORES,ROLL,0,7,7,0,0,0,0
0,MTMEC0001242,aa,1,Western Paper Industries ,4,STORES,NOS,0,6,6,0,0,0,0
0,MTMEC0001270,aa,1,Western Paper Industries ,4,STORES,NOS,0,2,2,0,0,0,0
0,MTMEC0001595,aa,1,Western Paper Industries ,4,STORES,NOS,0,2,2,0,0,0,0
0,MTMEC0001635,aa,1,Western Paper Industries ,4,STORES,NOS,0,8,8,0,0,0,0
0,MTMEC0001637,aa,1,Western Paper Industries ,4,STORES,NOS,0,6,6,0,0,0,0
0,MTMEC0001982,aa,1,Western Paper Industries ,4,STORES,NOS,0,1,1,0,0,0,0
0,MTPNM0001184,aa,1,Western Paper Industries ,4,STORES,NOS,0,2,2,0,0,0,0
0,MTPNM0001315,aa,1,Western Paper Industries ,4,STORES,NOS,0,36,36,0,0,0,0
0,MTPNM0001809,aa,1,Western Paper Industries ,4,STORES,NOS,0,30,30,0,0,0,0
0,MTPNM0001832,aa,1,Western Paper Industries ,4,STORES,NOS,0,2,2,0,0,0,0
0,MTAUT0001618,aa,1,Western Paper Industries ,4,STORES,NOS,0,1,1,0,0,0,0
0,MTAUT0001873,aa,1,Western Paper Industries ,4,STORES,NOS,0,5,5,0,0,0,0
0,MTAUT0001874,aa,1,Western Paper Industries ,4,STORES,NOS,0,11,11,0,0,0,0
0,MTAUT0001927,aa,1,Western Paper Industries ,4,STORES,NOS,0,1,1,0,0,0,0
0,MTAUT0002439,aa,1,Western Paper Industries ,4,STORES,NOS,0,1,1,0,0,0,0
0,MTELC0001533,aa,1,Western Paper Industries ,4,STORES,nos,0,2,2,0,0,0,0
0,MTELC0001990,aa,1,Western Paper Industries ,4,STORES,NOS,0,15,15,0,0,0,0
0,MTFUL0001205,aa,1,Western Paper Industries ,4,STORES,LITER,0,180,180,0,0,0,0
0,MTFUL0001205,aa,1,Western Paper Industries ,4,STORES,LITER,0,5780.85,5780.85,0,0,0,0
0,MTFUL0001205,aa,1,Western Paper Industries ,4,STORES,LITER,0,200,200,0,0,0,0
0,MTFUL0001205,aa,1,Western Paper Industries ,4,STORES,LITER,0,200,200,0,0,0,0
0,MTGEN0000261,aa,1,Western Paper Industries ,4,STORES,NOS,0,10,10,0,0,0,0
0,MTGEN0000297,aa,1,Western Paper Industries ,4,STORES,NOS,0,10,10,0,0,0,0
0,MTGEN0000317,aa,1,Western Paper Industries ,4,STORES,NOS,0,10,10,0,0,0,0
0,MTGEN0000317,aa,1,Western Paper Industries ,4,STORES,NOS,0,23,23,0,0,0,0
0,MTGEN0000339,aa,1,Western Paper Industries ,4,STORES,NOS,0,10,10,0,0,0,0
0,MTGEN0000387,aa,1,Western Paper Industries ,4,STORES,NOS,0,8,8,0,0,0,0
0,MTGEN0000445,aa,1,Western Paper Industries ,4,STORES,NOS,0,7,7,0,0,0,0
0,MTGEN0000562,aa,1,Western Paper Industries ,4,STORES,NOS,0,7,7,0,0,0,0
0,MTGEN0000590,aa,1,Western Paper Industries ,4,STORES,NOS,0,8,8,0,0,0,0
0,MTGEN0000675,aa,1,Western Paper Industries ,4,STORES,NOS,0,8,8,0,0,0,0
0,MTGEN0001640,aa,1,Western Paper Industries ,4,STORES,NOS,0,1,1,0,0,0,0
0,MTGEN0001882,aa,1,Western Paper Industries ,4,STORES,NOS,0,24,24,0,0,0,0
0,MTGEN0001884,aa,1,Western Paper Industries ,4,STORES,NOS,0,14,14,0,0,0,0
0,MTGEN0002419,aa,1,Western Paper Industries ,4,STORES,METRE,0,15,15,0,0,0,0
0,MTMEC0000688,aa,1,Western Paper Industries ,4,STORES,NOS,0,2,2,0,0,0,0
0,MTMEC0000792,aa,1,Western Paper Industries ,4,STORES,NOS,0,2,2,0,0,0,0
0,MTMEC0000794,aa,1,Western Paper Industries ,4,STORES,NOS,0,1,1,0,0,0,0
0,MTMEC0000873,aa,1,Western Paper Industries ,4,STORES,NOS,0,1,1,0,0,0,0
0,MTMEC0000891,aa,1,Western Paper Industries ,4,STORES,NOS,0,47,47,0,0,0,0
0,MTMEC0000985,aa,1,Western Paper Industries ,4,STORES,NOS,0,6,6,0,0,0,0
0,MTMEC0001042,aa,1,Western Paper Industries ,4,STORES,NOS,0,2675,2675,0,0,0,0
0,MTMEC0001258,aa,1,Western Paper Industries ,4,STORES,NOS,0,20,20,0,0,0,0
0,MTMEC0001273,aa,1,Western Paper Industries ,4,STORES,NOS,0,4,4,0,0,0,0
0,MTMEC0001788,aa,1,Western Paper Industries ,4,STORES,NOS,0,3,3,0,0,0,0
0,MTMEC0001801,aa,1,Western Paper Industries ,4,STORES,MM,0,750,750,0,0,0,0
0,MTPNM0001179,aa,1,Western Paper Industries ,4,STORES,NOS,0,15,15,0,0,0,0
0,MTPNM0001345,aa,1,Western Paper Industries ,4,STORES,NOS,0,31,31,0,0,0,0
0,MTPNM0001814,aa,1,Western Paper Industries ,4,STORES,NOS,0,7,7,0,0,0,0
0,MTPNM0001820,aa,1,Western Paper Industries ,4,STORES,NOS,0,6,6,0,0,0,0
0,MTPNM0001829,aa,1,Western Paper Industries ,4,STORES,NOS,0,4,4,0,0,0,0
0,MTAUT0001643,aa,1,Western Paper Industries ,4,STORES,NOS,0,2,2,0,0,0,0
0,MTAUT0001661,aa,1,Western Paper Industries ,4,STORES,NOS,0,1,1,0,0,0,0
0,MTAUT0001923,aa,1,Western Paper Industries ,4,STORES,NOS,0,1,1,0,0,0,0
0,MTAUT0002074,aa,1,Western Paper Industries ,4,STORES,NOS,0,6,6,0,0,0,0
0,MTAUT0002123,aa,1,Western Paper Industries ,4,STORES,NOS,0,2,2,0,0,0,0
0,MTAUT0002478,aa,1,Western Paper Industries ,4,STORES,NOS,0,2,2,0,0,0,0
0,MTELC0001463,aa,1,Western Paper Industries ,4,STORES,NOS,0,3,3,0,0,0,0
0,MTELC0001471,aa,1,Western Paper Industries ,4,STORES,NOS,0,1,1,0,0,0,0
0,MTELC0001471,aa,1,Western Paper Industries ,4,STORES,NOS,0,1,1,0,0,0,0
0,MTELC0001486,aa,1,Western Paper Industries ,4,STORES,NOS,0,1,1,0,0,0,0
0,MTGEN0000268,aa,1,Western Paper Industries ,4,STORES,NOS,0,4,4,0,0,0,0
0,MTGEN0000322,aa,1,Western Paper Industries ,4,STORES,NOS,0,67,67,0,0,0,0
0,MTGEN0000331,aa,1,Western Paper Industries ,4,STORES,NOS,0,36,36,0,0,0,0
0,MTGEN0000386,aa,1,Western Paper Industries ,4,STORES,NOS,0,5,5,0,0,0,0
0,MTGEN0000386,aa,1,Western Paper Industries ,4,STORES,NOS,0,14,14,0,0,0,0
0,MTGEN0000390,aa,1,Western Paper Industries ,4,STORES,NOS,0,4,4,0,0,0,0
0,MTGEN0000392,aa,1,Western Paper Industries ,4,STORES,NOS,0,5,5,0,0,0,0
0,MTGEN0000435,aa,1,Western Paper Industries ,4,STORES,NOS,0,66,66,0,0,0,0
0,MTGEN0000510,aa,1,Western Paper Industries ,4,STORES,NOS,0,3,3,0,0,0,0
0,MTGEN0000574,aa,1,Western Paper Industries ,4,STORES,NOS,0,13,13,0,0,0,0
0,MTGEN0000610,aa,1,Western Paper Industries ,4,STORES,NOS,0,9,9,0,0,0,0
0,MTGEN0000650,aa,1,Western Paper Industries ,4,STORES,NOS,0,2,2,0,0,0,0
0,MTGEN0000650,aa,1,Western Paper Industries ,4,STORES,NOS,0,9,9,0,0,0,0
0,MTGEN0001413,aa,1,Western Paper Industries ,4,STORES,NOS,0,2,2,0,0,0,0
0,MTGEN0001428,aa,1,Western Paper Industries ,4,STORES,NOS,0,5,5,0,0,0,0
0,MTGEN0001436,aa,1,Western Paper Industries ,4,STORES,NOS,0,1,1,0,0,0,0
0,MTGEN0001450,aa,1,Western Paper Industries ,4,STORES,LETTER,0,3,3,0,0,0,0
0,MTGEN0001901,aa,1,Western Paper Industries ,4,STORES,NOS,0,56,56,0,0,0,0
0,MTGEN0001908,aa,1,Western Paper Industries ,4,STORES,NOS,0,7,7,0,0,0,0
0,MTMEC0000795,aa,1,Western Paper Industries ,4,STORES,NOS,0,2,2,0,0,0,0
0,MTMEC0000796,aa,1,Western Paper Industries ,4,STORES,NOS,0,1,1,0,0,0,0
0,MTMEC0000872,aa,1,Western Paper Industries ,4,STORES,NOS,0,1,1,0,0,0,0
0,MTMEC0001039,aa,1,Western Paper Industries ,4,STORES,NOS,0,5040,5040,0,0,0,0
0,MTMEC0001247,aa,1,Western Paper Industries ,4,STORES,NOS,0,4,4,0,0,0,0
0,MTMEC0001248,aa,1,Western Paper Industries ,4,STORES,NOS,0,2,2,0,0,0,0
0,MTMEC0001252,aa,1,Western Paper Industries ,4,STORES,NOS,0,1,1,0,0,0,0
0,MTMEC0001269,aa,1,Western Paper Industries ,4,STORES,NOS,0,2,2,0,0,0,0
0,MTMEC0001289,aa,1,Western Paper Industries ,4,STORES,NOS,0,2,2,0,0,0,0
0,MTMEC0001553,aa,1,Western Paper Industries ,4,STORES,NOS,0,2,2,0,0,0,0
0,MTMEC0001787,aa,1,Western Paper Industries ,4,STORES,NOS,0,1,1,0,0,0,0
0,MTPNM0001304,aa,1,Western Paper Industries ,4,STORES,NOS,0,14,14,0,0,0,0
0,MTAUT0001626,aa,1,Western Paper Industries ,4,STORES,NOS,0,3,3,0,0,0,0
0,MTAUT0002032,aa,1,Western Paper Industries ,4,STORES,NOS,0,1,1,0,0,0,0
0,MTAUT0002433,aa,1,Western Paper Industries ,4,STORES,NOS,0,1,1,0,0,0,0
0,MTAUT0002488,aa,1,Western Paper Industries ,4,STORES,MM,0,350,350,0,0,0,0
0,MTAUT0002590,aa,1,Western Paper Industries ,4,STORES,NOS,0,1,1,0,0,0,0
0,MTELC0000043,aa,1,Western Paper Industries ,4,STORES,NOS,0,8,8,0,0,0,0
0,MTELC0000113,aa,1,Western Paper Industries ,4,STORES,NOS,0,2,2,0,0,0,0
0,MTELC0000155,aa,1,Western Paper Industries ,4,STORES,NOS,0,6,6,0,0,0,0
0,MTELC0000163,aa,1,Western Paper Industries ,4,STORES,NOS,0,1,1,0,0,0,0
0,MTELC0002117,aa,1,Western Paper Industries ,4,STORES,NOS,0,4,4,0,0,0,0
0,MTFUL0002120,aa,1,Western Paper Industries ,4,STORES,LITER,0,10,10,0,0,0,0
0,MTGEN0000259,aa,1,Western Paper Industries ,4,STORES,NOS,0,21,21,0,0,0,0
0,MTGEN0000324,aa,1,Western Paper Industries ,4,STORES,NOS,0,81,81,0,0,0,0
0,MTGEN0000326,aa,1,Western Paper Industries ,4,STORES,NOS,0,45,45,0,0,0,0
0,MTGEN0000461,aa,1,Western Paper Industries ,4,STORES,NOS,0,10,10,0,0,0,0
0,MTGEN0000666,aa,1,Western Paper Industries ,4,STORES,NOS,0,200,200,0,0,0,0
0,MTGEN0001357,aa,1,Western Paper Industries ,4,STORES,NOS,0,6,6,0,0,0,0
0,MTGEN0001367,aa,1,Western Paper Industries ,4,STORES,NOS,0,1,1,0,0,0,0
0,MTGEN0001374,aa,1,Western Paper Industries ,4,STORES,NOS,0,20,20,0,0,0,0
0,MTGEN0001393,aa,1,Western Paper Industries ,4,STORES,NOS,0,35,35,0,0,0,0
0,MTGEN0001417,aa,1,Western Paper Industries ,4,STORES,NOS,0,1,1,0,0,0,0
0,MTGEN0001426,aa,1,Western Paper Industries ,4,STORES,NOS,0,5,5,0,0,0,0
0,MTGEN0001441,aa,1,Western Paper Industries ,4,STORES,NOS,0,11,11,0,0,0,0
0,MTGEN0001444,aa,1,Western Paper Industries ,4,STORES,LETTER,0,1,1,0,0,0,0
0,MTGEN0001591,aa,1,Western Paper Industries ,4,STORES,NOS,0,1,1,0,0,0,0
0,MTGEN0001629,aa,1,Western Paper Industries ,4,STORES,NOS,0,5,5,0,0,0,0
0,MTGEN0001629,aa,1,Western Paper Industries ,4,STORES,NOS,0,48,48,0,0,0,0
0,MTGEN0001846,aa,1,Western Paper Industries ,4,STORES,NOS,0,24,24,0,0,0,0
0,MTGEN0001878,aa,1,Western Paper Industries ,4,STORES,NOS,0,4,4,0,0,0,0
0,MTGEN0001896,aa,1,Western Paper Industries ,4,STORES,NOS,0,4,4,0,0,0,0
0,MTGEN0002254,aa,1,Western Paper Industries ,4,STORES,NOS,0,1,1,0,0,0,0
0,MTGEN0002257,aa,1,Western Paper Industries ,4,STORES,NOS,0,1,1,0,0,0,0
0,MTGEN0002274,aa,1,Western Paper Industries ,4,STORES,METRE,0,8,8,0,0,0,0
0,MTMEC0000828,aa,1,Western Paper Industries ,4,STORES,NOS,0,2,2,0,0,0,0
0,MTMEC0000836,aa,1,Western Paper Industries ,4,STORES,NOS,0,18,18,0,0,0,0
0,MTMEC0000889,aa,1,Western Paper Industries ,4,STORES,NOS,0,43,43,0,0,0,0
0,MTMEC0001033,aa,1,Western Paper Industries ,4,STORES,NOS,0,42,42,0,0,0,0
0,MTMEC0001040,aa,1,Western Paper Industries ,4,STORES,NOS,0,3500,3500,0,0,0,0
0,MTMEC0001229,aa,1,Western Paper Industries ,4,STORES,NOS,0,1,1,0,0,0,0
0,MTMEC0001235,aa,1,Western Paper Industries ,4,STORES,NOS,0,35,35,0,0,0,0
0,MTMEC0001986,aa,1,Western Paper Industries ,4,STORES,NOS,0,2,2,0,0,0,0
0,MTMEC0002088,aa,1,Western Paper Industries ,4,STORES,NOS,0,1,1,0,0,0,0
0,MTPNM0001121,aa,1,Western Paper Industries ,4,STORES,NOS,0,7,7,0,0,0,0
0,MTPNM0001176,aa,1,Western Paper Industries ,4,STORES,NOS,0,20,20,0,0,0,0
0,MTPNM0001338,aa,1,Western Paper Industries ,4,STORES,NOS,0,47,47,0,0,0,0
0,MTPNM0002227,aa,1,Western Paper Industries ,4,STORES,NOS,0,2,2,0,0,0,0
0,MTMEC0001783,aa,1,Western Paper Industries ,4,STORES,NOS,0,3,3,0,0,0,0
0,MTMEC0001790,aa,1,Western Paper Industries ,4,STORES,NOS,0,9,9,0,0,0,0
0,MTMEC0001795,aa,1,Western Paper Industries ,4,STORES,NOS,0,4,4,0,0,0,0
0,MTPNM0001299,aa,1,Western Paper Industries ,4,STORES,NOS,0,10,10,0,0,0,0
0,MTPNM0001178,aa,1,Western Paper Industries ,4,STORES,NOS,0,18,18,0,0,0,0
0,MTPNM0001314,aa,1,Western Paper Industries ,4,STORES,NOS,0,32,32,0,0,0,0
0,MTPNM0001347,aa,1,Western Paper Industries ,4,STORES,NOS,0,23,23,0,0,0,0
0,MTPNM0001816,aa,1,Western Paper Industries ,4,STORES,NOS,0,1,1,0,0,0,0
0,MTPNM0001824,aa,1,Western Paper Industries ,4,STORES,NOS,0,2,2,0,0,0,0
0,MTPNM0001828,aa,1,Western Paper Industries ,4,STORES,NOS,0,4,4,0,0,0,0
0,MTAUT0001964,aa,1,Western Paper Industries ,4,STORES,NOS,0,4,4,0,0,0,0
0,MTAUT0002071,aa,1,Western Paper Industries ,4,STORES,NOS,0,10,10,0,0,0,0
0,MTAUT0002079,aa,1,Western Paper Industries ,4,STORES,NOS,0,3,3,0,0,0,0
0,MTELC0000021,aa,1,Western Paper Industries ,4,STORES,NOS,0,8,8,0,0,0,0
0,MTELC0000021,aa,1,Western Paper Industries ,4,STORES,NOS,0,28,28,0,0,0,0
0,MTELC0000028,aa,1,Western Paper Industries ,4,STORES,NOS,0,453,453,0,0,0,0
0,MTELC0000181,aa,1,Western Paper Industries ,4,STORES,NOS,0,8,8,0,0,0,0
0,MTELC0001531,aa,1,Western Paper Industries ,4,STORES,nos,0,1,1,0,0,0,0
0,MTELC0002000,aa,1,Western Paper Industries ,4,STORES,NOS,0,2,2,0,0,0,0
0,MTFUL0002352,aa,1,Western Paper Industries ,4,STORES,LITER,0,18,18,0,0,0,0
0,MTGEN0000352,aa,1,Western Paper Industries ,4,STORES,LITRE,0,80,80,0,0,0,0
0,MTGEN0000465,aa,1,Western Paper Industries ,4,STORES,NOS,0,2,2,0,0,0,0
0,MTGEN0000465,aa,1,Western Paper Industries ,4,STORES,NOS,0,2,2,0,0,0,0
0,MTGEN0000488,aa,1,Western Paper Industries ,4,STORES,NOS,0,1,1,0,0,0,0
0,MTGEN0000518,aa,1,Western Paper Industries ,4,STORES,NOS,0,9,9,0,0,0,0
0,MTGEN0000526,aa,1,Western Paper Industries ,4,STORES,NOS,0,20,20,0,0,0,0
0,MTGEN0000540,aa,1,Western Paper Industries ,4,STORES,NOS,0,10,10,0,0,0,0
0,MTGEN0000573,aa,1,Western Paper Industries ,4,STORES,NOS,0,9,9,0,0,0,0
0,MTGEN0000652,aa,1,Western Paper Industries ,4,STORES,FEET,0,5,5,0,0,0,0
0,MTGEN0000652,aa,1,Western Paper Industries ,4,STORES,FEET,0,34,34,0,0,0,0
0,MTGEN0000678,aa,1,Western Paper Industries ,4,STORES,LITER,0,2,2,0,0,0,0
0,MTGEN0000678,aa,1,Western Paper Industries ,4,STORES,LITER,0,16,16,0,0,0,0
0,MTGEN0001373,aa,1,Western Paper Industries ,4,STORES,NOS,0,1,1,0,0,0,0
0,MTGEN0001427,aa,1,Western Paper Industries ,4,STORES,NOS,0,8,8,0,0,0,0
0,MTGEN0001610,aa,1,Western Paper Industries ,4,STORES,NOS,0,8,8,0,0,0,0
0,MTGEN0001610,aa,1,Western Paper Industries ,4,STORES,NOS,0,2,2,0,0,0,0
0,MTGEN0001881,aa,1,Western Paper Industries ,4,STORES,NOS,0,55,55,0,0,0,0
0,MTGEN0001939,aa,1,Western Paper Industries ,4,STORES,NOS,0,4,4,0,0,0,0
0,MTGEN0002233,aa,1,Western Paper Industries ,4,STORES,NOS,0,1,1,0,0,0,0
0,MTGEN0002456,aa,1,Western Paper Industries ,4,STORES,NOS,0,1,1,0,0,0,0
0,MTMEC0000784,aa,1,Western Paper Industries ,4,STORES,NOS,0,3,3,0,0,0,0
0,MTMEC0000799,aa,1,Western Paper Industries ,4,STORES,NOS,0,6,6,0,0,0,0
0,MTMEC0000800,aa,1,Western Paper Industries ,4,STORES,NOS,0,3,3,0,0,0,0
0,MTMEC0000825,aa,1,Western Paper Industries ,4,STORES,NOS,0,3,3,0,0,0,0
0,MTMEC0000847,aa,1,Western Paper Industries ,4,STORES,NOS,0,7,7,0,0,0,0
0,MTMEC0000888,aa,1,Western Paper Industries ,4,STORES,NOS,0,23,23,0,0,0,0
0,MTMEC0000895,aa,1,Western Paper Industries ,4,STORES,NOS,0,3,3,0,0,0,0
0,MTMEC0000901,aa,1,Western Paper Industries ,4,STORES,NOS,0,3,3,0,0,0,0
0,MTMEC0000935,aa,1,Western Paper Industries ,4,STORES,NOS,0,1,1,0,0,0,0
0,MTMEC0000940,aa,1,Western Paper Industries ,4,STORES,NOS,0,5,5,0,0,0,0
0,MTMEC0000970,aa,1,Western Paper Industries ,4,STORES,NOS,0,28,28,0,0,0,0
0,MTMEC0001012,aa,1,Western Paper Industries ,4,STORES,NOS,0,2,2,0,0,0,0
0,MTAUT0002313,aa,1,Western Paper Industries ,4,STORES,NOS,0,2,2,0,0,0,0
0,MTAUT0002481,aa,1,Western Paper Industries ,4,STORES,NOS,0,4,4,0,0,0,0
0,MTELC0000098,aa,1,Western Paper Industries ,4,STORES,NOS,0,4,4,0,0,0,0
0,MTELC0000134,aa,1,Western Paper Industries ,4,STORES,NOS,0,17,17,0,0,0,0
0,MTELC0000134,aa,1,Western Paper Industries ,4,STORES,NOS,0,14,14,0,0,0,0
0,MTELC0000141,aa,1,Western Paper Industries ,4,STORES,NOS,0,6,6,0,0,0,0
0,MTELC0000194,aa,1,Western Paper Industries ,4,STORES,NOS,0,14,14,0,0,0,0
0,MTELC0000194,aa,1,Western Paper Industries ,4,STORES,NOS,0,17,17,0,0,0,0
0,MTELC0000203,aa,1,Western Paper Industries ,4,STORES,NOS,0,7,7,0,0,0,0
0,MTELC0001507,aa,1,Western Paper Industries ,4,STORES,nos,0,4,4,0,0,0,0
0,MTELC0002054,aa,1,Western Paper Industries ,4,STORES,NOS,0,5,5,0,0,0,0
0,MTGEN0000250,aa,1,Western Paper Industries ,4,STORES,NOS,0,30,30,0,0,0,0
0,MTGEN0000294,aa,1,Western Paper Industries ,4,STORES,NOS,0,28,28,0,0,0,0
0,MTGEN0000296,aa,1,Western Paper Industries ,4,STORES,NOS,0,10,10,0,0,0,0
0,MTGEN0000335,aa,1,Western Paper Industries ,4,STORES,NOS,0,10,10,0,0,0,0
0,MTGEN0000403,aa,1,Western Paper Industries ,4,STORES,NOS,0,27,27,0,0,0,0
0,MTGEN0000405,aa,1,Western Paper Industries ,4,STORES,NOS,0,1,1,0,0,0,0
0,MTGEN0000405,aa,1,Western Paper Industries ,4,STORES,NOS,0,5,5,0,0,0,0
0,MTGEN0000468,aa,1,Western Paper Industries ,4,STORES,KG,0,0.2,0.2,0,0,0,0
0,MTGEN0000535,aa,1,Western Paper Industries ,4,STORES,NOS,0,3,3,0,0,0,0
0,MTGEN0000663,aa,1,Western Paper Industries ,4,STORES,NOS,0,24,24,0,0,0,0
0,MTGEN0001376,aa,1,Western Paper Industries ,4,STORES,NOS,0,10,10,0,0,0,0
0,MTGEN0001410,aa,1,Western Paper Industries ,4,STORES,NOS,0,4,4,0,0,0,0
0,MTGEN0001419,aa,1,Western Paper Industries ,4,STORES,NOS,0,1,1,0,0,0,0
0,MTGEN0001422,aa,1,Western Paper Industries ,4,STORES,NOS,0,37,37,0,0,0,0
0,MTGEN0001592,aa,1,Western Paper Industries ,4,STORES,NOS,0,2,2,0,0,0,0
0,MTGEN0001931,aa,1,Western Paper Industries ,4,STORES,NOS,0,2,2,0,0,0,0
0,MTGEN0001998,aa,1,Western Paper Industries ,4,STORES,NOS,0,2,2,0,0,0,0
0,MTGEN0002250,aa,1,Western Paper Industries ,4,STORES,NOS,0,1,1,0,0,0,0
0,MTMEC0000809,aa,1,Western Paper Industries ,4,STORES,NOS,0,2,2,0,0,0,0
0,MTMEC0000819,aa,1,Western Paper Industries ,4,STORES,NOS,0,1,1,0,0,0,0
0,MTMEC0000892,aa,1,Western Paper Industries ,4,STORES,NOS,0,13,13,0,0,0,0
0,MTMEC0000948,aa,1,Western Paper Industries ,4,STORES,NOS,0,3,3,0,0,0,0
0,MTMEC0001001,aa,1,Western Paper Industries ,4,STORES,NOS,0,1,1,0,0,0,0
0,MTMEC0001019,aa,1,Western Paper Industries ,4,STORES,NOS,0,25,25,0,0,0,0
0,MTMEC0001038,aa,1,Western Paper Industries ,4,STORES,NOS,0,1,1,0,0,0,0
0,MTMEC0001233,aa,1,Western Paper Industries ,4,STORES,NOS,0,2,2,0,0,0,0
0,MTMEC0001260,aa,1,Western Paper Industries ,4,STORES,NOS,0,1,1,0,0,0,0
0,MTMEC0001271,aa,1,Western Paper Industries ,4,STORES,NOS,0,2,2,0,0,0,0
0,MTAUT0001606,aa,1,Western Paper Industries ,4,STORES,NOS,0,1,1,0,0,0,0
0,MTAUT0001662,aa,1,Western Paper Industries ,4,STORES,NOS,0,2,2,0,0,0,0
0,MTAUT0001686,aa,1,Western Paper Industries ,4,STORES,NOS,0,1,1,0,0,0,0
0,MTAUT0001689,aa,1,Western Paper Industries ,4,STORES,NOS,0,2,2,0,0,0,0
0,MTELC0000042,aa,1,Western Paper Industries ,4,STORES,NOS,0,5,5,0,0,0,0
0,MTELC0001465,aa,1,Western Paper Industries ,4,STORES,NOS,0,13,13,0,0,0,0
0,MTELC0002019,aa,1,Western Paper Industries ,4,STORES,NOS,0,1,1,0,0,0,0
0,MTELC0002118,aa,1,Western Paper Industries ,4,STORES,NOS,0,6,6,0,0,0,0
0,MTGEN0000282,aa,1,Western Paper Industries ,4,STORES,NOS,0,100,100,0,0,0,0
0,MTGEN0000282,aa,1,Western Paper Industries ,4,STORES,NOS,0,33,33,0,0,0,0
0,MTGEN0000309,aa,1,Western Paper Industries ,4,STORES,PCKT,0,1,1,0,0,0,0
0,MTGEN0000343,aa,1,Western Paper Industries ,4,STORES,NOS,0,48,48,0,0,0,0
0,MTGEN0000477,aa,1,Western Paper Industries ,4,STORES,NOS,0,4,4,0,0,0,0
0,MTGEN0000555,aa,1,Western Paper Industries ,4,STORES,NOS,0,9,9,0,0,0,0
0,MTGEN0000560,aa,1,Western Paper Industries ,4,STORES,NOS,0,6,6,0,0,0,0
0,MTGEN0001213,aa,1,Western Paper Industries ,4,STORES,NOS,0,9,9,0,0,0,0
0,MTGEN0001213,aa,1,Western Paper Industries ,4,STORES,NOS,0,2,2,0,0,0,0
0,MTGEN0001355,aa,1,Western Paper Industries ,4,STORES,NOS,0,1,1,0,0,0,0
0,MTGEN0001382,aa,1,Western Paper Industries ,4,STORES,NOS,0,2,2,0,0,0,0
0,MTGEN0001396,aa,1,Western Paper Industries ,4,STORES,NOS,0,17,17,0,0,0,0
0,MTGEN0001407,aa,1,Western Paper Industries ,4,STORES,LETTER,0,4,4,0,0,0,0
0,MTGEN0001421,aa,1,Western Paper Industries ,4,STORES,KG,0,0.9,0.9,0,0,0,0
0,MTGEN0001445,aa,1,Western Paper Industries ,4,STORES,NOS,0,20,20,0,0,0,0
0,MTGEN0001458,aa,1,Western Paper Industries ,4,STORES,NOS,0,8,8,0,0,0,0
0,MTGEN0001898,aa,1,Western Paper Industries ,4,STORES,NOS,0,22,22,0,0,0,0
0,MTGEN0002253,aa,1,Western Paper Industries ,4,STORES,NOS,0,1,1,0,0,0,0
0,MTGEN0002272,aa,1,Western Paper Industries ,4,STORES,NOS,0,8,8,0,0,0,0
0,MTGEN0002424,aa,1,Western Paper Industries ,4,STORES,NOS,0,1,1,0,0,0,0
0,MTMEC0000805,aa,1,Western Paper Industries ,4,STORES,NOS,0,5,5,0,0,0,0
0,MTMEC0000829,aa,1,Western Paper Industries ,4,STORES,NOS,0,4,4,0,0,0,0
0,MTMEC0000844,aa,1,Western Paper Industries ,4,STORES,NOS,0,2,2,0,0,0,0
0,MTMEC0000874,aa,1,Western Paper Industries ,4,STORES,NOS,0,1,1,0,0,0,0
0,MTMEC0001261,aa,1,Western Paper Industries ,4,STORES,NOS,0,1,1,0,0,0,0
0,MTMEC0001613,aa,1,Western Paper Industries ,4,STORES,NOS,0,1,1,0,0,0,0
0,MTMEC0001620,aa,1,Western Paper Industries ,4,STORES,NOS,0,20,20,0,0,0,0
0,MTMEC0001784,aa,1,Western Paper Industries ,4,STORES,NOS,0,1,1,0,0,0,0
0,MTMEC0002171,aa,1,Western Paper Industries ,4,STORES,NOS,0,4,4,0,0,0,0
0,MTPNM0001071,aa,1,Western Paper Industries ,4,STORES,NOS,0,35,35,0,0,0,0
0,MTPNM0001112,aa,1,Western Paper Industries ,4,STORES,NOS,0,14,14,0,0,0,0
0,MTPNM0001306,aa,1,Western Paper Industries ,4,STORES,NOS,0,3,3,0,0,0,0
0,MTPNM0001308,aa,1,Western Paper Industries ,4,STORES,NOS,0,29,29,0,0,0,0
0,MTPNM0001322,aa,1,Western Paper Industries ,4,STORES,NOS,0,28,28,0,0,0,0
0,MTPNM0001305,aa,1,Western Paper Industries ,4,STORES,NOS,0,3,3,0,0,0,0
0,MTPNM0001323,aa,1,Western Paper Industries ,4,STORES,NOS,0,8,8,0,0,0,0
0,MTPNM0001336,aa,1,Western Paper Industries ,4,STORES,NOS,0,15,15,0,0,0,0
0,MTPNM0001645,aa,1,Western Paper Industries ,4,STORES,NOS,0,37,37,0,0,0,0
0,MTPNM0001818,aa,1,Western Paper Industries ,4,STORES,NOS,0,19,19,0,0,0,0
0,MTAUT0001560,aa,1,Western Paper Industries ,4,STORES,NOS,0,1,1,0,0,0,0
0,MTAUT0001667,aa,1,Western Paper Industries ,4,STORES,NOS,0,1,1,0,0,0,0
0,MTAUT0001936,aa,1,Western Paper Industries ,4,STORES,NOS,0,1,1,0,0,0,0
0,MTAUT0002020,aa,1,Western Paper Industries ,4,STORES,NOS,0,2,2,0,0,0,0
0,MTAUT0002115,aa,1,Western Paper Industries ,4,STORES,NOS,0,2,2,0,0,0,0
0,MTAUT0002191,aa,1,Western Paper Industries ,4,STORES,NOS,0,2,2,0,0,0,0
0,MTELC0001461,aa,1,Western Paper Industries ,4,STORES,NOS,0,9,9,0,0,0,0
0,MTELC0001495,aa,1,Western Paper Industries ,4,STORES,NOS,0,2,2,0,0,0,0
0,MTFUL0001212,aa,1,Western Paper Industries ,4,STORES,CYLINDER,0,1,1,0,0,0,0
0,MTGEN0000252,aa,1,Western Paper Industries ,4,STORES,NOS,0,30,30,0,0,0,0
0,MTGEN0000293,aa,1,Western Paper Industries ,4,STORES,NOS,0,4,4,0,0,0,0
0,MTGEN0000327,aa,1,Western Paper Industries ,4,STORES,NOS,0,36,36,0,0,0,0
0,MTGEN0000455,aa,1,Western Paper Industries ,4,STORES,NOS,0,20,20,0,0,0,0
0,MTGEN0000472,aa,1,Western Paper Industries ,4,STORES,NOS,0,3,3,0,0,0,0
0,MTGEN0000473,aa,1,Western Paper Industries ,4,STORES,NOS,0,196,196,0,0,0,0
0,MTGEN0000494,aa,1,Western Paper Industries ,4,STORES,NOS,0,3,3,0,0,0,0
0,MTGEN0000505,aa,1,Western Paper Industries ,4,STORES,NOS,0,1345,1345,0,0,0,0
0,MTGEN0000563,aa,1,Western Paper Industries ,4,STORES,NOS,0,6,6,0,0,0,0
0,MTGEN0000637,aa,1,Western Paper Industries ,4,STORES,NOS,0,38,38,0,0,0,0
0,MTGEN0001381,aa,1,Western Paper Industries ,4,STORES,NOS,0,2,2,0,0,0,0
0,MTGEN0001388,aa,1,Western Paper Industries ,4,STORES,NOS,0,6,6,0,0,0,0
0,MTGEN0001585,aa,1,Western Paper Industries ,4,STORES,NOS,0,2,2,0,0,0,0
0,MTGEN0001587,aa,1,Western Paper Industries ,4,STORES,NOS,0,3,3,0,0,0,0
0,MTGEN0001599,aa,1,Western Paper Industries ,4,STORES,NOS,0,1,1,0,0,0,0
0,MTGEN0001599,aa,1,Western Paper Industries ,4,STORES,NOS,0,3,3,0,0,0,0
0,MTGEN0001890,aa,1,Western Paper Industries ,4,STORES,NOS,0,21,21,0,0,0,0
0,MTGEN0002472,aa,1,Western Paper Industries ,4,STORES,CUBE,0,3,3,0,0,0,0
0,MTMEC0000773,aa,1,Western Paper Industries ,4,STORES,NOS,0,4,4,0,0,0,0
0,MTMEC0000837,aa,1,Western Paper Industries ,4,STORES,NOS,0,8,8,0,0,0,0
0,MTMEC0000854,aa,1,Western Paper Industries ,4,STORES,NOS,0,5,5,0,0,0,0
0,MTMEC0000914,aa,1,Western Paper Industries ,4,STORES,METTER,0,1,1,0,0,0,0
0,MTMEC0000929,aa,1,Western Paper Industries ,4,STORES,NOS,0,1,1,0,0,0,0
0,MTMEC0001013,aa,1,Western Paper Industries ,4,STORES,NOS,0,5,5,0,0,0,0
0,MTMEC0001281,aa,1,Western Paper Industries ,4,STORES,NOS,0,5,5,0,0,0,0
0,MTMEC0001283,aa,1,Western Paper Industries ,4,STORES,NOS,0,16,16,0,0,0,0
0,MTMEC0001286,aa,1,Western Paper Industries ,4,STORES,NOS,0,6,6,0,0,0,0
0,MTMEC0001674,aa,1,Western Paper Industries ,4,STORES,NOS,0,4,4,0,0,0,0
0,MTMEC0001792,aa,1,Western Paper Industries ,4,STORES,NOS,0,1,1,0,0,0,0
0,MTPNM0001078,aa,1,Western Paper Industries ,4,STORES,METTER,0,65.4,65.4,0,0,0,0
0,MTPNM0001311,aa,1,Western Paper Industries ,4,STORES,NOS,0,34,34,0,0,0,0
0,MTPNM0001316,aa,1,Western Paper Industries ,4,STORES,NOS,0,18,18,0,0,0,0
0,MTMEC0001565,aa,1,Western Paper Industries ,4,STORES,NOS,0,9,9,0,0,0,0
0,MTMEC0001568,aa,1,Western Paper Industries ,4,STORES,NOS,0,2,2,0,0,0,0
0,MTPNM0001073,aa,1,Western Paper Industries ,4,STORES,NOS,0,12,12,0,0,0,0
0,MTPNM0001081,aa,1,Western Paper Industries ,4,STORES,METTER,0,85,85,0,0,0,0
0,MTPNM0001111,aa,1,Western Paper Industries ,4,STORES,NOS,0,4,4,0,0,0,0
0,MTPNM0001185,aa,1,Western Paper Industries ,4,STORES,NOS,0,5,5,0,0,0,0
0,MTPNM0001204,aa,1,Western Paper Industries ,4,STORES,NOS,0,15,15,0,0,0,0
0,MTPNM0001303,aa,1,Western Paper Industries ,4,STORES,NOS,0,21,21,0,0,0,0
0,MTPNM0001321,aa,1,Western Paper Industries ,4,STORES,NOS,0,5,5,0,0,0,0
0,MTPNM0001350,aa,1,Western Paper Industries ,4,STORES,NOS,0,18,18,0,0,0,0
0,MTPNM0001812,aa,1,Western Paper Industries ,4,STORES,NOS,0,28,28,0,0,0,0
0,MTAUT0001664,aa,1,Western Paper Industries ,4,STORES,NOS,0,1,1,0,0,0,0
0,MTAUT0001665,aa,1,Western Paper Industries ,4,STORES,NOS,0,1,1,0,0,0,0
0,MTAUT0002081,aa,1,Western Paper Industries ,4,STORES,NOS,0,3,3,0,0,0,0
0,MTELC0001487,aa,1,Western Paper Industries ,4,STORES,NOS,0,1,1,0,0,0,0
0,MTELC0001562,aa,1,Western Paper Industries ,4,STORES,NOS,0,2,2,0,0,0,0
0,MTELC0002015,aa,1,Western Paper Industries ,4,STORES,NOS,0,1,1,0,0,0,0
0,MTGEN0000254,aa,1,Western Paper Industries ,4,STORES,NOS,0,47,47,0,0,0,0
0,MTGEN0000291,aa,1,Western Paper Industries ,4,STORES,NOS,0,10,10,0,0,0,0
0,MTGEN0000374,aa,1,Western Paper Industries ,4,STORES,NOS,0,14,14,0,0,0,0
0,MTGEN0000462,aa,1,Western Paper Industries ,4,STORES,NOS,0,9,9,0,0,0,0
0,MTGEN0000467,aa,1,Western Paper Industries ,4,STORES,NOS,0,3,3,0,0,0,0
0,MTGEN0000491,aa,1,Western Paper Industries ,4,STORES,NOS,0,14,14,0,0,0,0
0,MTGEN0000583,aa,1,Western Paper Industries ,4,STORES,NOS,0,3,3,0,0,0,0
0,MTGEN0000635,aa,1,Western Paper Industries ,4,STORES,NOS,0,28,28,0,0,0,0
0,MTGEN0000674,aa,1,Western Paper Industries ,4,STORES,NOS,0,5,5,0,0,0,0
0,MTGEN0000674,aa,1,Western Paper Industries ,4,STORES,NOS,0,16,16,0,0,0,0
0,MTGEN0001392,aa,1,Western Paper Industries ,4,STORES,NOS,0,18,18,0,0,0,0
0,MTGEN0001395,aa,1,Western Paper Industries ,4,STORES,NOS,0,25,25,0,0,0,0
0,MTGEN0001438,aa,1,Western Paper Industries ,4,STORES,NOS,0,7,7,0,0,0,0
0,MTGEN0001448,aa,1,Western Paper Industries ,4,STORES,NOS,0,3470,3470,0,0,0,0
0,MTGEN0001904,aa,1,Western Paper Industries ,4,STORES,NOS,0,12,12,0,0,0,0
0,MTGEN0002109,aa,1,Western Paper Industries ,4,STORES,NOS,0,1,1,0,0,0,0
0,MTGEN0002455,aa,1,Western Paper Industries ,4,STORES,NOS,0,1,1,0,0,0,0
0,MTMEC0000781,aa,1,Western Paper Industries ,4,STORES,NOS,0,2,2,0,0,0,0
0,MTMEC0000867,aa,1,Western Paper Industries ,4,STORES,NOS,0,1,1,0,0,0,0
0,MTMEC0000871,aa,1,Western Paper Industries ,4,STORES,NOS,0,1,1,0,0,0,0
0,MTMEC0000989,aa,1,Western Paper Industries ,4,STORES,NOS,0,3,3,0,0,0,0
0,MTMEC0000990,aa,1,Western Paper Industries ,4,STORES,METRE,0,259,259,0,0,0,0
0,MTMEC0001244,aa,1,Western Paper Industries ,4,STORES,NOS,0,5,5,0,0,0,0
0,MTMEC0001781,aa,1,Western Paper Industries ,4,STORES,NOS,0,13,13,0,0,0,0
0,MTMEC0002199,aa,1,Western Paper Industries ,4,STORES,NOS,0,6,6,0,0,0,0
0,MTPNM0001062,aa,1,Western Paper Industries ,4,STORES,NOS,0,4,4,0,0,0,0
0,MTPNM0001343,aa,1,Western Paper Industries ,4,STORES,NOS,0,25,25,0,0,0,0
0,MTPNM0001811,aa,1,Western Paper Industries ,4,STORES,NOS,0,33,33,0,0,0,0
0,MTPNM0001815,aa,1,Western Paper Industries ,4,STORES,NOS,0,12,12,0,0,0,0
0,MTAUT0001624,aa,1,Western Paper Industries ,4,STORES,NOS,0,1,1,0,0,0,0
0,MTAUT0001924,aa,1,Western Paper Industries ,4,STORES,NOS,0,1,1,0,0,0,0
0,MTAUT0001929,aa,1,Western Paper Industries ,4,STORES,NOS,0,1,1,0,0,0,0
0,MTAUT0002076,aa,1,Western Paper Industries ,4,STORES,liter,0,4,4,0,0,0,0
0,MTAUT0002076,aa,1,Western Paper Industries ,4,STORES,liter,0,12,12,0,0,0,0
0,MTELC0000095,aa,1,Western Paper Industries ,4,STORES,NOS,0,3,3,0,0,0,0
0,MTELC0001480,aa,1,Western Paper Industries ,4,STORES,NOS,0,3,3,0,0,0,0
0,MTELC0001920,aa,1,Western Paper Industries ,4,STORES,NOS,0,1,1,0,0,0,0
0,MTELC0002006,aa,1,Western Paper Industries ,4,STORES,NOS,0,1,1,0,0,0,0
0,MTELC0002011,aa,1,Western Paper Industries ,4,STORES,NOS,0,1,1,0,0,0,0
0,MTGEN0000292,aa,1,Western Paper Industries ,4,STORES,NOS,0,9,9,0,0,0,0
0,MTGEN0000318,aa,1,Western Paper Industries ,4,STORES,NOS,0,11,11,0,0,0,0
0,MTGEN0000321,aa,1,Western Paper Industries ,4,STORES,NOS,0,29,29,0,0,0,0
0,MTGEN0000330,aa,1,Western Paper Industries ,4,STORES,NOS,0,49,49,0,0,0,0
0,MTGEN0000388,aa,1,Western Paper Industries ,4,STORES,NOS,0,11,11,0,0,0,0
0,MTGEN0000419,aa,1,Western Paper Industries ,4,STORES,NOS,0,37,37,0,0,0,0
0,MTGEN0000489,aa,1,Western Paper Industries ,4,STORES,NOS,0,16,16,0,0,0,0
0,MTGEN0000533,aa,1,Western Paper Industries ,4,STORES,NOS,0,3,3,0,0,0,0
0,MTGEN0000533,aa,1,Western Paper Industries ,4,STORES,NOS,0,31,31,0,0,0,0
0,MTGEN0000556,aa,1,Western Paper Industries ,4,STORES,NOS,0,9,9,0,0,0,0
0,MTGEN0000571,aa,1,Western Paper Industries ,4,STORES,NOS,0,7,7,0,0,0,0
0,MTGEN0000585,aa,1,Western Paper Industries ,4,STORES,NOS,0,14,14,0,0,0,0
0,MTGEN0000651,aa,1,Western Paper Industries ,4,STORES,LITER,0,12,12,0,0,0,0
0,MTGEN0000651,aa,1,Western Paper Industries ,4,STORES,LITER,0,23,23,0,0,0,0
0,MTGEN0000677,aa,1,Western Paper Industries ,4,STORES,NOS,0,24,24,0,0,0,0
0,MTGEN0001352,aa,1,Western Paper Industries ,4,STORES,NOS,0,2,2,0,0,0,0
0,MTGEN0001368,aa,1,Western Paper Industries ,4,STORES,NOS,0,5,5,0,0,0,0
0,MTGEN0001397,aa,1,Western Paper Industries ,4,STORES,NOS,0,36,36,0,0,0,0
0,MTGEN0001440,aa,1,Western Paper Industries ,4,STORES,KG,0,0.35,0.35,0,0,0,0
0,MTGEN0001447,aa,1,Western Paper Industries ,4,STORES,NOS,0,1870,1870,0,0,0,0
0,MTGEN0001449,aa,1,Western Paper Industries ,4,STORES,NOS,0,8,8,0,0,0,0
0,MTGEN0001899,aa,1,Western Paper Industries ,4,STORES,NOS,0,21,21,0,0,0,0
0,MTGEN0001902,aa,1,Western Paper Industries ,4,STORES,NOS,0,18,18,0,0,0,0
0,MTGEN0002103,aa,1,Western Paper Industries ,4,STORES,NOS,0,1,1,0,0,0,0
0,MTGEN0002454,aa,1,Western Paper Industries ,4,STORES,NOS,0,1,1,0,0,0,0
0,MTMEC0000777,aa,1,Western Paper Industries ,4,STORES,NOS,0,5,5,0,0,0,0
0,MTMEC0000833,aa,1,Western Paper Industries ,4,STORES,NOS,0,6,6,0,0,0,0
0,MTMEC0000886,aa,1,Western Paper Industries ,4,STORES,FEET,0,10,10,0,0,0,0
0,MTMEC0000936,aa,1,Western Paper Industries ,4,STORES,NOS,0,1,1,0,0,0,0
0,MTMEC0000992,aa,1,Western Paper Industries ,4,STORES,NOS,0,3,3,0,0,0,0
0,MTMEC0001232,aa,1,Western Paper Industries ,4,STORES,NOS,0,4,4,0,0,0,0
0,MTMEC0001250,aa,1,Western Paper Industries ,4,STORES,NOS,0,1,1,0,0,0,0
0,MTMEC0001789,aa,1,Western Paper Industries ,4,STORES,NOS,0,2,2,0,0,0,0
0,MTMEC0002173,aa,1,Western Paper Industries ,4,STORES,NOS,0,4,4,0,0,0,0
0,MTPNM0001105,aa,1,Western Paper Industries ,4,STORES,NOS,0,5,5,0,0,0,0
0,MTPNM0001115,aa,1,Western Paper Industries ,4,STORES,NOS,0,18,18,0,0,0,0
0,MTPNM0001808,aa,1,Western Paper Industries ,4,STORES,NOS,0,14,14,0,0,0,0
0,MTPNM0001823,aa,1,Western Paper Industries ,4,STORES,NOS,0,4,4,0,0,0,0
0,MTPNM0001827,aa,1,Western Paper Industries ,4,STORES,NOS,0,4,4,0,0,0,0
0,MTPNM0001841,aa,1,Western Paper Industries ,4,STORES,NOS,0,2,2,0,0,0,0
0,MTAUT0001559,aa,1,Western Paper Industries ,4,STORES,NOS,0,1,1,0,0,0,0
0,MTAUT0002072,aa,1,Western Paper Industries ,4,STORES,NOS,0,11,11,0,0,0,0
0,MTAUT0002377,aa,1,Western Paper Industries ,4,STORES,NOS,0,2,2,0,0,0,0
0,MTAUT0002482,aa,1,Western Paper Industries ,4,STORES,NOS,0,2,2,0,0,0,0
0,MTAUT0002567,aa,1,Western Paper Industries ,4,STORES,NOS,0,2,2,0,0,0,0
0,MTAUT0002578,aa,1,Western Paper Industries ,4,STORES,NOS,0,1,1,0,0,0,0
0,MTELC0000029,aa,1,Western Paper Industries ,4,STORES,NOS,0,400,400,0,0,0,0
0,MTELC0000033,aa,1,Western Paper Industries ,4,STORES,NOS,0,14,14,0,0,0,0
0,MTELC0000191,aa,1,Western Paper Industries ,4,STORES,NOS,0,11,11,0,0,0,0
0,MTELC0001999,aa,1,Western Paper Industries ,4,STORES,NOS,0,1,1,0,0,0,0
0,MTGEN0000258,aa,1,Western Paper Industries ,4,STORES,NOS,0,19,19,0,0,0,0
0,MTGEN0000300,aa,1,Western Paper Industries ,4,STORES,NOS,0,30,30,0,0,0,0
0,MTGEN0000325,aa,1,Western Paper Industries ,4,STORES,NOS,0,30,30,0,0,0,0
0,MTGEN0000328,aa,1,Western Paper Industries ,4,STORES,NOS,0,25,25,0,0,0,0
0,MTGEN0000336,aa,1,Western Paper Industries ,4,STORES,NOS,0,10,10,0,0,0,0
0,MTGEN0000399,aa,1,Western Paper Industries ,4,STORES,NOS,0,1,1,0,0,0,0
0,MTGEN0000399,aa,1,Western Paper Industries ,4,STORES,NOS,0,1,1,0,0,0,0
0,MTGEN0000430,aa,1,Western Paper Industries ,4,STORES,NOS,0,7,7,0,0,0,0
0,MTGEN0000492,aa,1,Western Paper Industries ,4,STORES,NOS,0,14,14,0,0,0,0
0,MTGEN0000551,aa,1,Western Paper Industries ,4,STORES,NOS,0,20,20,0,0,0,0
0,MTGEN0000551,aa,1,Western Paper Industries ,4,STORES,NOS,0,3,3,0,0,0,0
0,MTGEN0000558,aa,1,Western Paper Industries ,4,STORES,NOS,0,4,4,0,0,0,0
0,MTGEN0000608,aa,1,Western Paper Industries ,4,STORES,NOS,0,9,9,0,0,0,0
0,MTGEN0000621,aa,1,Western Paper Industries ,4,STORES,NOS,0,8,8,0,0,0,0
0,MTGEN0000648,aa,1,Western Paper Industries ,4,STORES,NOS,0,15,15,0,0,0,0
0,MTGEN0000676,aa,1,Western Paper Industries ,4,STORES,NOS,0,10,10,0,0,0,0
0,MTGEN0001363,aa,1,Western Paper Industries ,4,STORES,NOS,0,6,6,0,0,0,0
0,MTGEN0001370,aa,1,Western Paper Industries ,4,STORES,NOS,0,7,7,0,0,0,0
0,MTGEN0001425,aa,1,Western Paper Industries ,4,STORES,NOS,0,36,36,0,0,0,0
0,MTGEN0001437,aa,1,Western Paper Industries ,4,STORES,NOS,0,57,57,0,0,0,0
0,MTGEN0001454,aa,1,Western Paper Industries ,4,STORES,NOS,0,5,5,0,0,0,0
0,MTGEN0001551,aa,1,Western Paper Industries ,4,STORES,SQ FEET,0,23,23,0,0,0,0
0,MTGEN0001883,aa,1,Western Paper Industries ,4,STORES,NOS,0,3,3,0,0,0,0
0,MTGEN0001895,aa,1,Western Paper Industries ,4,STORES,NOS,0,10,10,0,0,0,0
0,MTGEN0002085,aa,1,Western Paper Industries ,4,STORES,NOS,0,10,10,0,0,0,0
0,MTGEN0002251,aa,1,Western Paper Industries ,4,STORES,NOS,0,1,1,0,0,0,0
0,MTGEN0002258,aa,1,Western Paper Industries ,4,STORES,NOS,0,1,1,0,0,0,0
0,MTMEC0000685,aa,1,Western Paper Industries ,4,STORES,NOS,0,4,4,0,0,0,0
0,MTMEC0000769,aa,1,Western Paper Industries ,4,STORES,NOS,0,2,2,0,0,0,0
0,MTMEC0000810,aa,1,Western Paper Industries ,4,STORES,NOS,0,2,2,0,0,0,0
0,MTMEC0000880,aa,1,Western Paper Industries ,4,STORES,NOS,0,200,200,0,0,0,0
0,MTMEC0000900,aa,1,Western Paper Industries ,4,STORES,NOS,0,8,8,0,0,0,0
0,MTMEC0001275,aa,1,Western Paper Industries ,4,STORES,NOS,0,1,1,0,0,0,0
0,MTMEC0001796,aa,1,Western Paper Industries ,4,STORES,NOS,0,1,1,0,0,0,0
0,MTPNM0001180,aa,1,Western Paper Industries ,4,STORES,NOS,0,14,14,0,0,0,0
0,MTPNM0001203,aa,1,Western Paper Industries ,4,STORES,NOS,0,1,1,0,0,0,0
0,MTPNM0001309,aa,1,Western Paper Industries ,4,STORES,NOS,0,26,26,0,0,0,0
0,MTPNM0001312,aa,1,Western Paper Industries ,4,STORES,NOS,0,32,32,0,0,0,0
0,MTPNM0001317,aa,1,Western Paper Industries ,4,STORES,NOS,0,31,31,0,0,0,0
0,MTPNM0001817,aa,1,Western Paper Industries ,4,STORES,NOS,0,5,5,0,0,0,0
0,MTMEC0001048,aa,1,Western Paper Industries ,4,STORES,NOS,0,1,1,0,0,0,0
0,MTMEC0001237,aa,1,Western Paper Industries ,4,STORES,NOS,0,1,1,0,0,0,0
0,MTMEC0001241,aa,1,Western Paper Industries ,4,STORES,NOS,0,2,2,0,0,0,0
0,MTMEC0001243,aa,1,Western Paper Industries ,4,STORES,NOS,0,69,69,0,0,0,0
0,MTMEC0001246,aa,1,Western Paper Industries ,4,STORES,NOS,0,1,1,0,0,0,0
0,MTMEC0001264,aa,1,Western Paper Industries ,4,STORES,NOS,0,5,5,0,0,0,0
0,MTMEC0001277,aa,1,Western Paper Industries ,4,STORES,NOS,0,4,4,0,0,0,0
0,MTMEC0001293,aa,1,Western Paper Industries ,4,STORES,NOS,0,1,1,0,0,0,0
0,MTMEC0001295,aa,1,Western Paper Industries ,4,STORES,NOS,0,2,2,0,0,0,0
0,MTMEC0001786,aa,1,Western Paper Industries ,4,STORES,NOS,0,2,2,0,0,0,0
0,MTMEC0001983,aa,1,Western Paper Industries ,4,STORES,NOS,0,1,1,0,0,0,0
0,MTMEC0002196,aa,1,Western Paper Industries ,4,STORES,NOS,0,16,16,0,0,0,0
0,MTPNM0001123,aa,1,Western Paper Industries ,4,STORES,NOS,0,15,15,0,0,0,0
0,MTPNM0001313,aa,1,Western Paper Industries ,4,STORES,NOS,0,31,31,0,0,0,0
0,MTPNM0001326,aa,1,Western Paper Industries ,4,STORES,NOS,0,26,26,0,0,0,0
0,MTPNM0001826,aa,1,Western Paper Industries ,4,STORES,NOS,0,6,6,0,0,0,0
0,MTPNM0001342,aa,1,Western Paper Industries ,4,STORES,NOS,0,26,26,0,0,0,0
0,MTMEC0001276,aa,1,Western Paper Industries ,4,STORES,NOS,0,8,8,0,0,0,0
0,MTMEC0001611,aa,1,Western Paper Industries ,4,STORES,NOS,0,1,1,0,0,0,0
0,MTMEC0001793,aa,1,Western Paper Industries ,4,STORES,NOS,0,1,1,0,0,0,0
0,MTMEC0002066,aa,1,Western Paper Industries ,4,STORES,NOS,0,1,1,0,0,0,0
0,MTMEC0002172,aa,1,Western Paper Industries ,4,STORES,NOS,0,2,2,0,0,0,0
0,MTPNM0001319,aa,1,Western Paper Industries ,4,STORES,NOS,0,9,9,0,0,0,0
0,MTPNM0001351,aa,1,Western Paper Industries ,4,STORES,NOS,0,3,3,0,0,0,0
0,MTPNM0001813,aa,1,Western Paper Industries ,4,STORES,NOS,0,17,17,0,0,0,0
0,MTMEC0001014,aa,1,Western Paper Industries ,4,STORES,NOS,0,16,16,0,0,0,0
0,MTMEC0001251,aa,1,Western Paper Industries ,4,STORES,NOS,0,3,3,0,0,0,0
0,MTMEC0001255,aa,1,Western Paper Industries ,4,STORES,NOS,0,1,1,0,0,0,0
0,MTMEC0001291,aa,1,Western Paper Industries ,4,STORES,NOS,0,2,2,0,0,0,0
0,MTMEC0001548,aa,1,Western Paper Industries ,4,STORES,NOS,0,2,2,0,0,0,0
0,MTMEC0001782,aa,1,Western Paper Industries ,4,STORES,NOS,0,1,1,0,0,0,0
0,MTPNM0001119,aa,1,Western Paper Industries ,4,STORES,NOS,0,15,15,0,0,0,0
0,MTPNM0001140,aa,1,Western Paper Industries ,4,STORES,NOS,0,25,25,0,0,0,0
0,MTPNM0001181,aa,1,Western Paper Industries ,4,STORES,NOS,0,15,15,0,0,0,0
0,MTPNM0001310,aa,1,Western Paper Industries ,4,STORES,NOS,0,35,35,0,0,0,0
0,MTPNM0001810,aa,1,Western Paper Industries ,4,STORES,NOS,0,10,10,0,0,0,0
0,MTPNM0001819,aa,1,Western Paper Industries ,4,STORES,NOS,0,24,24,0,0,0,0
0,MTPNM0001825,aa,1,Western Paper Industries ,4,STORES,NOS,0,2,2,0,0,0,0
0,MTMEC0001272,aa,1,Western Paper Industries ,4,STORES,NOS,0,2,2,0,0,0,0
0,MTMEC0001278,aa,1,Western Paper Industries ,4,STORES,NOS,0,1,1,0,0,0,0
0,MTMEC0001567,aa,1,Western Paper Industries ,4,STORES,NOS,0,1,1,0,0,0,0
0,MTMEC0001757,aa,1,Western Paper Industries ,4,STORES,NOS,0,24,24,0,0,0,0
0,MTMEC0001798,aa,1,Western Paper Industries ,4,STORES,NOS,0,1,1,0,0,0,0
0,MTMEC0001799,aa,1,Western Paper Industries ,4,STORES,NOS,0,2,2,0,0,0,0
0,MTPNM0001341,aa,1,Western Paper Industries ,4,STORES,NOS,0,18,18,0,0,0,0
0,MTPNM0001346,aa,1,Western Paper Industries ,4,STORES,NOS,0,27,27,0,0,0,0
0,MTPNM0001822,aa,1,Western Paper Industries ,4,STORES,NOS,0,46,46,0,0,0,0
0,MTMEC0002174,aa,1,Western Paper Industries ,4,STORES,NOS,0,1,1,0,0,0,0
0,MTPNM0001116,aa,1,Western Paper Industries ,4,STORES,NOS,0,15,15,0,0,0,0
0,MTPNM0001344,aa,1,Western Paper Industries ,4,STORES,NOS,0,26,26,0,0,0,0
0,MTPNM0001836,aa,1,Western Paper Industries ,4,STORES,nos,0,2,2,0,0,0,0
0,MTAUT0001604,aa,1,Western Paper Industries ,4,STORES,NOS,0,1,1,0,0,0,0
0,MTAUT0001605,aa,1,Western Paper Industries ,4,STORES,NOS,0,1,1,0,0,0,0
0,MTAUT0001857,aa,1,Western Paper Industries ,4,STORES,NOS,0,6,6,0,0,0,0
0,MTAUT0001857,aa,1,Western Paper Industries ,4,STORES,NOS,0,1,1,0,0,0,0
0,MTAUT0002487,aa,1,Western Paper Industries ,4,STORES,NOS,0,2,2,0,0,0,0
0,MTELC0000152,aa,1,Western Paper Industries ,4,STORES,NOS,0,1,1,0,0,0,0
0,MTELC0001517,aa,1,Western Paper Industries ,4,STORES,nos,0,12,12,0,0,0,0
0,MTELC0001521,aa,1,Western Paper Industries ,4,STORES,nos,0,9,9,0,0,0,0
0,MTELC0002001,aa,1,Western Paper Industries ,4,STORES,NOS,0,1,1,0,0,0,0
0,MTFUL0001555,aa,1,Western Paper Industries ,4,STORES,CYLINDER,0,5,5,0,0,0,0
0,MTGEN0000262,aa,1,Western Paper Industries ,4,STORES,NOS,0,6,6,0,0,0,0
0,MTGEN0000281,aa,1,Western Paper Industries ,4,STORES,NOS,0,246,246,0,0,0,0
0,MTGEN0000295,aa,1,Western Paper Industries ,4,STORES,NOS,0,10,10,0,0,0,0
0,MTGEN0000344,aa,1,Western Paper Industries ,4,STORES,NOS,0,20,20,0,0,0,0
0,MTGEN0000411,aa,1,Western Paper Industries ,4,STORES,NOS,0,3.2,3.2,0,0,0,0
0,MTGEN0000411,aa,1,Western Paper Industries ,4,STORES,NOS,0,16.8,16.8,0,0,0,0
0,MTGEN0000440,aa,1,Western Paper Industries ,4,STORES,NOS,0,12,12,0,0,0,0
0,MTGEN0000559,aa,1,Western Paper Industries ,4,STORES,NOS,0,18,18,0,0,0,0
0,MTGEN0000589,aa,1,Western Paper Industries ,4,STORES,NOS,0,1,1,0,0,0,0
0,MTGEN0000591,aa,1,Western Paper Industries ,4,STORES,NOS,0,10,10,0,0,0,0
0,MTGEN0000672,aa,1,Western Paper Industries ,4,STORES,NOS,0,14,14,0,0,0,0
0,MTGEN0001406,aa,1,Western Paper Industries ,4,STORES,NOS,0,8,8,0,0,0,0
0,MTGEN0001576,aa,1,Western Paper Industries ,4,STORES,NOS,0,100,100,0,0,0,0
0,MTGEN0001580,aa,1,Western Paper Industries ,4,STORES,FEET,0,40,40,0,0,0,0
0,MTGEN0001894,aa,1,Western Paper Industries ,4,STORES,NOS,0,25,25,0,0,0,0
0,MTGEN0002247,aa,1,Western Paper Industries ,4,STORES,NOS,0,1,1,0,0,0,0
0,MTGEN0002425,aa,1,Western Paper Industries ,4,STORES,NOS,0,1,1,0,0,0,0
0,MTGEN0002649,aa,1,Western Paper Industries ,4,STORES,NOS,0,11,11,0,0,0,0
0,MTMEC0000776,aa,1,Western Paper Industries ,4,STORES,NOS,0,2,2,0,0,0,0
0,MTMEC0000807,aa,1,Western Paper Industries ,4,STORES,NOS,0,2,2,0,0,0,0
0,MTMEC0000811,aa,1,Western Paper Industries ,4,STORES,NOS,0,3,3,0,0,0,0
0,MTMEC0000870,aa,1,Western Paper Industries ,4,STORES,NOS,0,1,1,0,0,0,0
0,MTMEC0001222,aa,1,Western Paper Industries ,4,STORES,NOS,0,2,2,0,0,0,0
0,MTMEC0001268,aa,1,Western Paper Industries ,4,STORES,NOS,0,4,4,0,0,0,0
0,MTMEC0001279,aa,1,Western Paper Industries ,4,STORES,NOS,0,1,1,0,0,0,0
0,MTMEC0001287,aa,1,Western Paper Industries ,4,STORES,NOS,0,1,1,0,0,0,0
0,MTMEC0001566,aa,1,Western Paper Industries ,4,STORES,NOS,0,7,7,0,0,0,0
0,MTPNM0001074,aa,1,Western Paper Industries ,4,STORES,NOS,0,10,10,0,0,0,0
0,MTPNM0001131,aa,1,Western Paper Industries ,4,STORES,METTER,0,72.4,72.4,0,0,0,0
0,MTPNM0001325,aa,1,Western Paper Industries ,4,STORES,NOS,0,32,32,0,0,0,0
0,MTAUT0001617,aa,1,Western Paper Industries ,4,STORES,NOS,0,1,1,0,0,0,0
0,MTAUT0001850,aa,1,Western Paper Industries ,4,STORES,NOS,0,2,2,0,0,0,0
0,MTAUT0002070,aa,1,Western Paper Industries ,4,STORES,NOS,0,10,10,0,0,0,0
0,MTAUT0002087,aa,1,Western Paper Industries ,4,STORES,NOS,0,6,6,0,0,0,0
0,MTAUT0002226,aa,1,Western Paper Industries ,4,STORES,NOS,0,2,2,0,0,0,0
0,MTAUT0002565,aa,1,Western Paper Industries ,4,STORES,NOS,0,2,2,0,0,0,0
0,MTELC0002004,aa,1,Western Paper Industries ,4,STORES,NOS,0,1,1,0,0,0,0
0,MTELC0002017,aa,1,Western Paper Industries ,4,STORES,NOS,0,3,3,0,0,0,0
0,MTGEN0000333,aa,1,Western Paper Industries ,4,STORES,NOS,0,3,3,0,0,0,0
0,MTGEN0000402,aa,1,Western Paper Industries ,4,STORES,LENGTH,0,5,5,0,0,0,0
0,MTGEN0000424,aa,1,Western Paper Industries ,4,STORES,NOS,0,2,2,0,0,0,0
0,MTGEN0000447,aa,1,Western Paper Industries ,4,STORES,NOS,0,1,1,0,0,0,0
0,MTGEN0000536,aa,1,Western Paper Industries ,4,STORES,NOS,0,2,2,0,0,0,0
0,MTGEN0000557,aa,1,Western Paper Industries ,4,STORES,NOS,0,8,8,0,0,0,0
0,MTGEN0000577,aa,1,Western Paper Industries ,4,STORES,NOS,0,5,5,0,0,0,0
0,MTGEN0000619,aa,1,Western Paper Industries ,4,STORES,NOS,0,21,21,0,0,0,0
0,MTGEN0000641,aa,1,Western Paper Industries ,4,STORES,NOS,0,33,33,0,0,0,0
0,MTGEN0000655,aa,1,Western Paper Industries ,4,STORES,NOS,0,23,23,0,0,0,0
0,MTGEN0001214,aa,1,Western Paper Industries ,4,STORES,NOS,0,1,1,0,0,0,0
0,MTGEN0001405,aa,1,Western Paper Industries ,4,STORES,KG,0,2,2,0,0,0,0
0,MTGEN0001893,aa,1,Western Paper Industries ,4,STORES,NOS,0,9,9,0,0,0,0
0,MTGEN0001907,aa,1,Western Paper Industries ,4,STORES,NOS,0,22,22,0,0,0,0
0,MTGEN0002024,aa,1,Western Paper Industries ,4,STORES,NOS,0,3,3,0,0,0,0
0,MTGEN0002048,aa,1,Western Paper Industries ,4,STORES,NOS,0,12,12,0,0,0,0
0,MTGEN0002061,aa,1,Western Paper Industries ,4,STORES,NOS,0,20,20,0,0,0,0
0,MTGEN0002248,aa,1,Western Paper Industries ,4,STORES,NOS,0,1,1,0,0,0,0
0,MTGEN0002256,aa,1,Western Paper Industries ,4,STORES,NOS,0,1,1,0,0,0,0
0,MTGEN0002382,aa,1,Western Paper Industries ,4,STORES,NOS,0,448,448,0,0,0,0
0,MTMEC0000879,aa,1,Western Paper Industries ,4,STORES,NOS,0,270,270,0,0,0,0
0,MTMEC0001054,aa,1,Western Paper Industries ,4,STORES,NOS,0,1,1,0,0,0,0
0,MTMEC0001249,aa,1,Western Paper Industries ,4,STORES,NOS,0,9,9,0,0,0,0
0,MTMEC0001257,aa,1,Western Paper Industries ,4,STORES,NOS,0,4,4,0,0,0,0
0,MTMEC0001791,aa,1,Western Paper Industries ,4,STORES,NOS,0,1,1,0,0,0,0
0,MTMEC0001934,aa,1,Western Paper Industries ,4,STORES,NOS,0,90,90,0,0,0,0
0,MTMEC0001984,aa,1,Western Paper Industries ,4,STORES,NOS,0,1,1,0,0,0,0
0,MTMEC0002224,aa,1,Western Paper Industries ,4,STORES,NOS,0,21,21,0,0,0,0
0,MTPNM0001113,aa,1,Western Paper Industries ,4,STORES,NOS,0,7,7,0,0,0,0
0,MTPNM0001337,aa,1,Western Paper Industries ,4,STORES,NOS,0,7,7,0,0,0,0
0,MTAUT0001598,aa,1,Western Paper Industries ,4,STORES,NOS,0,1,1,0,0,0,0
0,MTAUT0001627,aa,1,Western Paper Industries ,4,STORES,NOS,0,9,9,0,0,0,0
0,MTAUT0001856,aa,1,Western Paper Industries ,4,STORES,NOS,0,2,2,0,0,0,0
0,MTAUT0002080,aa,1,Western Paper Industries ,4,STORES,NOS,0,2,2,0,0,0,0
0,MTAUT0002124,aa,1,Western Paper Industries ,4,STORES,NOS,0,4,4,0,0,0,0
0,MTAUT0002125,aa,1,Western Paper Industries ,4,STORES,NOS,0,1,1,0,0,0,0
0,MTAUT0002189,aa,1,Western Paper Industries ,4,STORES,NOS,0,21,21,0,0,0,0
0,MTAUT0002194,aa,1,Western Paper Industries ,4,STORES,NOS,0,2,2,0,0,0,0
0,MTAUT0002576,aa,1,Western Paper Industries ,4,STORES,NOS,0,1,1,0,0,0,0
0,MTELC0000004,aa,1,Western Paper Industries ,4,STORES,NOS,0,1,1,0,0,0,0
0,MTELC0001524,aa,1,Western Paper Industries ,4,STORES,nos,0,2,2,0,0,0,0
0,MTELC0001921,aa,1,Western Paper Industries ,4,STORES,NOS,0,1,1,0,0,0,0
0,MTELC0002003,aa,1,Western Paper Industries ,4,STORES,NOS,0,1,1,0,0,0,0
0,MTFUL0001210,aa,1,Western Paper Industries ,4,STORES,LITER,0,56,56,0,0,0,0
0,MTGEN0000290,aa,1,Western Paper Industries ,4,STORES,NOS,0,6,6,0,0,0,0
0,MTGEN0000351,aa,1,Western Paper Industries ,4,STORES,LITRE,0,2,2,0,0,0,0
0,MTGEN0000379,aa,1,Western Paper Industries ,4,STORES,NOS,0,11,11,0,0,0,0
0,MTGEN0000457,aa,1,Western Paper Industries ,4,STORES,NOS,0,23,23,0,0,0,0
0,MTGEN0000476,aa,1,Western Paper Industries ,4,STORES,NOS,0,25,25,0,0,0,0
0,MTGEN0000532,aa,1,Western Paper Industries ,4,STORES,NOS,0,18,18,0,0,0,0
0,MTGEN0000539,aa,1,Western Paper Industries ,4,STORES,NOS,0,5,5,0,0,0,0
0,MTGEN0000575,aa,1,Western Paper Industries ,4,STORES,NOS,0,5,5,0,0,0,0
0,MTGEN0000587,aa,1,Western Paper Industries ,4,STORES,NOS,0,10,10,0,0,0,0
0,MTGEN0000664,aa,1,Western Paper Industries ,4,STORES,NOS,0,104,104,0,0,0,0
0,MTGEN0001358,aa,1,Western Paper Industries ,4,STORES,NOS,0,5,5,0,0,0,0
0,MTGEN0001380,aa,1,Western Paper Industries ,4,STORES,PKT,0,3,3,0,0,0,0
0,MTGEN0001389,aa,1,Western Paper Industries ,4,STORES,NOS,0,13,13,0,0,0,0
0,MTGEN0001997,aa,1,Western Paper Industries ,4,STORES,NOS,0,2,2,0,0,0,0
0,MTGEN0002259,aa,1,Western Paper Industries ,4,STORES,NOS,0,10,10,0,0,0,0
0,MTGEN0002535,aa,1,Western Paper Industries ,4,STORES,NOS,0,2,2,0,0,0,0
0,MTMEC0000780,aa,1,Western Paper Industries ,4,STORES,NOS,0,4,4,0,0,0,0
0,MTMEC0000787,aa,1,Western Paper Industries ,4,STORES,NOS,0,1,1,0,0,0,0
0,MTMEC0000793,aa,1,Western Paper Industries ,4,STORES,NOS,0,4,4,0,0,0,0
0,MTMEC0000823,aa,1,Western Paper Industries ,4,STORES,NOS,0,2,2,0,0,0,0
0,MTMEC0000893,aa,1,Western Paper Industries ,4,STORES,NOS,0,1,1,0,0,0,0
0,MTMEC0001045,aa,1,Western Paper Industries ,4,STORES,NOS,0,1,1,0,0,0,0
0,MTMEC0001263,aa,1,Western Paper Industries ,4,STORES,NOS,0,4,4,0,0,0,0
0,MTMEC0001265,aa,1,Western Paper Industries ,4,STORES,NOS,0,1,1,0,0,0,0
0,MTMEC0001564,aa,1,Western Paper Industries ,4,STORES,NOS,0,4,4,0,0,0,0
0,MTMEC0001678,aa,1,Western Paper Industries ,4,STORES,NOS,0,1,1,0,0,0,0
0,MTMEC0001785,aa,1,Western Paper Industries ,4,STORES,NOS,0,1,1,0,0,0,0
0,MTMEC0001981,aa,1,Western Paper Industries ,4,STORES,NOS,0,1,1,0,0,0,0
0,MTMEC0002175,aa,1,Western Paper Industries ,4,STORES,NOS,0,2,2,0,0,0,0
0,MTMEC0002641,aa,1,Western Paper Industries ,4,STORES,NOS,0,2,2,0,0,0,0
0,MTPNM0001339,aa,1,Western Paper Industries ,4,STORES,NOS,0,18,18,0,0,0,0
0,MTPNM0001830,aa,1,Western Paper Industries ,4,STORES,NOS,0,4,4,0,0,0,0
0,MTAUT0001557,aa,1,Western Paper Industries ,4,STORES,NOS,0,1,1,0,0,0,0
0,MTAUT0001663,aa,1,Western Paper Industries ,4,STORES,NOS,0,1,1,0,0,0,0
0,MTAUT0002033,aa,1,Western Paper Industries ,4,STORES,NOS,0,1,1,0,0,0,0
0,MTAUT0002069,aa,1,Western Paper Industries ,4,STORES,NOS,0,10,10,0,0,0,0
0,MTAUT0002592,aa,1,Western Paper Industries ,4,STORES,NOS,0,1,1,0,0,0,0
0,MTELC0000001,aa,1,Western Paper Industries ,4,STORES,NOS,0,7,7,0,0,0,0
0,MTELC0001942,aa,1,Western Paper Industries ,4,STORES,NOS,0,3,3,0,0,0,0
0,MTFUL0001206,aa,1,Western Paper Industries ,4,STORES,LITER,0,15,15,0,0,0,0
0,MTFUL0001206,aa,1,Western Paper Industries ,4,STORES,LITER,0,100,100,0,0,0,0
0,MTGEN0000256,aa,1,Western Paper Industries ,4,STORES,NOS,0,30,30,0,0,0,0
0,MTGEN0000310,aa,1,Western Paper Industries ,4,STORES,NOS,0,59,59,0,0,0,0
0,MTGEN0000312,aa,1,Western Paper Industries ,4,STORES,NOS,0,40,40,0,0,0,0
0,MTGEN0000382,aa,1,Western Paper Industries ,4,STORES,NOS,0,1,1,0,0,0,0
0,MTGEN0000404,aa,1,Western Paper Industries ,4,STORES,NOS,0,48,48,0,0,0,0
0,MTGEN0000469,aa,1,Western Paper Industries ,4,STORES,NOS,0,63,63,0,0,0,0
0,MTGEN0000528,aa,1,Western Paper Industries ,4,STORES,NOS,0,10,10,0,0,0,0
0,MTGEN0000550,aa,1,Western Paper Industries ,4,STORES,NOS,0,5,5,0,0,0,0
0,MTGEN0000550,aa,1,Western Paper Industries ,4,STORES,NOS,0,5,5,0,0,0,0
0,MTGEN0000550,aa,1,Western Paper Industries ,4,STORES,NOS,0,10,10,0,0,0,0
0,MTGEN0000565,aa,1,Western Paper Industries ,4,STORES,NOS,0,5,5,0,0,0,0
0,MTGEN0000592,aa,1,Western Paper Industries ,4,STORES,NOS,0,5,5,0,0,0,0
0,MTGEN0000592,aa,1,Western Paper Industries ,4,STORES,NOS,0,1,1,0,0,0,0
0,MTGEN0000598,aa,1,Western Paper Industries ,4,STORES,NOS,0,132,132,0,0,0,0
0,MTGEN0001391,aa,1,Western Paper Industries ,4,STORES,NOS,0,10,10,0,0,0,0
0,MTGEN0001398,aa,1,Western Paper Industries ,4,STORES,NOS,0,6,6,0,0,0,0
0,MTGEN0001432,aa,1,Western Paper Industries ,4,STORES,NOS,0,3,3,0,0,0,0
0,MTGEN0001579,aa,1,Western Paper Industries ,4,STORES,FEET,0,20,20,0,0,0,0
0,MTGEN0002246,aa,1,Western Paper Industries ,4,STORES,NOS,0,1,1,0,0,0,0
0,MTGEN0002249,aa,1,Western Paper Industries ,4,STORES,NOS,0,1,1,0,0,0,0
0,MTGEN0002269,aa,1,Western Paper Industries ,4,STORES,FEET,0,20,20,0,0,0,0
0,MTGEN0002296,aa,1,Western Paper Industries ,4,STORES,PKT,0,3,3,0,0,0,0
0,MTGEN0002453,aa,1,Western Paper Industries ,4,STORES,NOS,0,1,1,0,0,0,0
0,MTMEC0000772,aa,1,Western Paper Industries ,4,STORES,NOS,0,5,5,0,0,0,0
0,MTMEC0000808,aa,1,Western Paper Industries ,4,STORES,NOS,0,2,2,0,0,0,0
0,MTMEC0000826,aa,1,Western Paper Industries ,4,STORES,NOS,0,2,2,0,0,0,0
0,MTMEC0001267,aa,1,Western Paper Industries ,4,STORES,NOS,0,1,1,0,0,0,0
0,MTMEC0001711,aa,1,Western Paper Industries ,4,STORES,NOS,0,5,5,0,0,0,0
0,MTMEC0002219,aa,1,Western Paper Industries ,4,STORES,NOS,0,20,20,0,0,0,0
0,MTPNM0001120,aa,1,Western Paper Industries ,4,STORES,NOS,0,2,2,0,0,0,0
